Eukaryota-Fungi-Ascomycota-Eurotiomycetes-Onygenales-no family-Paracoccidioides-Paracoccidioides brasiliensis,1
Eukaryota-Metazoa-Chordata-Actinopteri-Cypriniformes-Cyprinidae-Danio-Danio rerio,2
Eukaryota-Fungi-Ascomycota-Sordariomycetes-Hypocreales-Hypocreaceae-Trichoderma-Hypocrea jecorina,1
Bacteria-no kingdom-Proteobacteria-Betaproteobacteria-Burkholderiales-Burkholderiaceae-Pandoraea-Pandoraea thiooxydans,1
Eukaryota-Viridiplantae-Streptophyta-no classes-Malvales-Malvaceae-Theobroma-Theobroma cacao,1
Eukaryota-Fungi-Basidiomycota-Agaricomycetes-Boletales-Pisolithaceae-Pisolithus-Pisolithus tinctorius,1
Bacteria-no kingdom-Proteobacteria-Gammaproteobacteria-Alteromonadales-Alteromonadaceae-Aliiglaciecola-Aliiglaciecola lipolytica,1
Bacteria-no kingdom-Proteobacteria-Deltaproteobacteria-Myxococcales-Cystobacteraceae-Archangium-Archangium gephyra,1
Eukaryota-Fungi-Ascomycota-Dothideomycetes-Venturiales-Sympoventuriaceae-Verruconis-Verruconis gallopava,1
Eukaryota-Fungi-Ascomycota-Sordariomycetes-Hypocreales-Cordycipitaceae-Beauveria-Beauveria bassiana,2
Bacteria-no kingdom-Bacteroidetes-Bacteroidia-Bacteroidales-Porphyromonadaceae-Parabacteroides-Parabacteroides sp. CAG:409,1
Bacteria-no kingdom-Proteobacteria-Gammaproteobacteria-Oceanospirillales-Oceanospirillaceae-Thalassolituus-Thalassolituus oleivorans,1
Bacteria-no kingdom-Bacteroidetes-Bacteroidia-Bacteroidales-Prevotellaceae-Prevotella-Prevotella sp. CAG:924,1
Bacteria-no kingdom-Proteobacteria-Gammaproteobacteria-Oceanospirillales-Hahellaceae-Endozoicomonas-Endozoicomonas numazuensis,1
Bacteria-no kingdom-Proteobacteria-Alphaproteobacteria-Rhodobacterales-Rhodobacteraceae-Octadecabacter-Octadecabacter temperatus,1
Eukaryota-Fungi-Ascomycota-Sordariomycetes-Hypocreales-Ophiocordycipitaceae-Ophiocordyceps-Ophiocordyceps unilateralis,1
Eukaryota-Fungi-Ascomycota-Saccharomycetes-Saccharomycetales-Debaryomycetaceae-Spathaspora-Spathaspora passalidarum,1
Bacteria-no kingdom-no phylum-Actinobacteria-Geodermatophilales-Geodermatophilaceae-Geodermatophilus-Geodermatophilus obscurus,1
Bacteria-no kingdom-Proteobacteria-Alphaproteobacteria-Rhodospirillales-Acetobacteraceae-Acidisphaera-Acidisphaera rubrifaciens,1
Eukaryota-Fungi-Glomeromycota-Glomeromycetes-Glomerales-Glomeraceae-Rhizophagus-Rhizophagus irregularis,1
Bacteria-no kingdom-Proteobacteria-Alphaproteobacteria-Rhodobacterales-Rhodobacteraceae-Thalassobacter-Thalassobacter sp. 16PALIMAR09,1
Bacteria-no kingdom-Cyanobacteria-no classes-Oscillatoriales-no family-Kamptonema-[Oscillatoria] sp. PCC 6506,1
Eukaryota-no kingdom-Bacillariophyta-Coscinodiscophyceae-Thalassiosirales-Thalassiosiraceae-Thalassiosira-Thalassiosira oceanica,1
Eukaryota-Fungi-Ascomycota-Sordariomycetes-Sordariales-Chaetomiaceae-Chaetomium-Chaetomium thermophilum,1
Bacteria-no kingdom-Proteobacteria-Alphaproteobacteria-Rhizobiales-Hyphomicrobiaceae-Devosia-Devosia geojensis,1
Eukaryota-Metazoa-Chordata-Mammalia-Rodentia-Caviidae-Cavia-Cavia porcellus,1
Bacteria-no kingdom-Proteobacteria-Alphaproteobacteria-Sphingomonadales-Sphingomonadaceae-Sphingomonas-Sphingomonas sp.,1
Bacteria-no kingdom-Proteobacteria-Betaproteobacteria-Burkholderiales-Comamonadaceae-Polaromonas-Polaromonas naphthalenivorans,1
Bacteria-no kingdom-no phylum-Actinobacteria-Micrococcales-Micrococcaceae-Arthrobacter-Arthrobacter sp.,1
Eukaryota-no kingdom-no phylum-no classes-Dictyosteliida-no family-Dictyostelium-Dictyostelium purpureum,1
Eukaryota-Fungi-Ascomycota-Saccharomycetes-Saccharomycetales-no family-Kuraishia-Kuraishia capsulata,1
Eukaryota-Fungi-Ascomycota-Sordariomycetes-Hypocreales-no family-Ustilaginoidea-Ustilaginoidea virens,1
Bacteria-no kingdom-Proteobacteria-Betaproteobacteria-Burkholderiales-Comamonadaceae-Polaromonas-Polaromonas sp.,1
Bacteria-no kingdom-Bacteroidetes-Bacteroidia-Bacteroidales-Rikenellaceae-Alistipes-Alistipes sp. CAG:268,1
Eukaryota-Fungi-Ascomycota-Sordariomycetes-Hypocreales-Ophiocordycipitaceae-Tolypocladium-Tolypocladium ophioglossoides,1
Bacteria-no kingdom-Proteobacteria-Gammaproteobacteria-Aeromonadales-Aeromonadaceae-Oceanimonas-no species,2
Bacteria-no kingdom-no phylum-Actinobacteria-Micrococcales-Microbacteriaceae-Agreia-Agreia bicolorata,1
Eukaryota-Fungi-Ascomycota-Eurotiomycetes-Onygenales-Ajellomycetaceae-Blastomyces-Ajellomyces dermatitidis,1
Bacteria-no kingdom-Proteobacteria-Alphaproteobacteria-Rhodobacterales-Rhodobacteraceae-Paracoccus-Paracoccus halophilus,1
Bacteria-no kingdom-Proteobacteria-Alphaproteobacteria-Sphingomonadales-Sphingomonadaceae-Novosphingobium-Novosphingobium malaysiense,1
Eukaryota-Fungi-Ascomycota-Eurotiomycetes-Onygenales-Onygenaceae-Uncinocarpus-Uncinocarpus reesii,1
Bacteria-no kingdom-Bacteroidetes-Flavobacteriia-Flavobacteriales-Flavobacteriaceae-Myroides-Myroides odoratus,1
Bacteria-no kingdom-Proteobacteria-Alphaproteobacteria-Rhodobacterales-Rhodobacteraceae-Rhodobacter-Rhodobacter capsulatus,1
Bacteria-no kingdom-Proteobacteria-Alphaproteobacteria-no order-no family-no genus-alpha proteobacterium BAL199,1
Bacteria-no kingdom-Proteobacteria-Betaproteobacteria-Burkholderiales-Comamonadaceae-Polaromonas-Polaromonas sp. CG9_12,1
Bacteria-no kingdom-Proteobacteria-Gammaproteobacteria-Enterobacteriales-Enterobacteriaceae-Escherichia-Escherichia vulneris,1
Eukaryota-Viridiplantae-Streptophyta-no classes-Amborellales-Amborellaceae-Amborella-Amborella trichopoda,1
Eukaryota-Fungi-Basidiomycota-Agaricomycetes-Agaricales-Fistulinaceae-Fistulina-Fistulina hepatica,1
Eukaryota-Metazoa-Chordata-Mammalia-Primates-Hominidae-Homo-Homo sapiens,1
Bacteria-no kingdom-Proteobacteria-Gammaproteobacteria-Cellvibrionales-Halieaceae-Pseudohaliea-Pseudohaliea rubra,1
Bacteria-no kingdom-Proteobacteria-Gammaproteobacteria-Pseudomonadales-Pseudomonadaceae-Pseudomonas-Pseudomonas sp. FeS53a,1
Bacteria-no kingdom-Proteobacteria-Gammaproteobacteria-Pseudomonadales-Pseudomonadaceae-Pseudomonas-Pseudomonas stutzeri,1
Bacteria-no kingdom-Proteobacteria-Gammaproteobacteria-Pseudomonadales-Moraxellaceae-Acinetobacter-Acinetobacter radioresistens,1
Bacteria-no kingdom-no phylum-Actinobacteria-Corynebacteriales-Mycobacteriaceae-Mycobacterium-Mycobacterium marinum,1
Bacteria-no kingdom-no phylum-Actinobacteria-Micrococcales-Promicromonosporaceae-Cellulosimicrobium-Cellulosimicrobium sp. MM,1
Eukaryota-Metazoa-Arthropoda-Insecta-Hymenoptera-Pteromalidae-Nasonia-Nasonia vitripennis,5
Eukaryota-Metazoa-Nematoda-Chromadorea-Ascaridida-Toxocaridae-Toxocara-Toxocara canis,1
Bacteria-no kingdom-Proteobacteria-Alphaproteobacteria-Rhodobacterales-Rhodobacteraceae-Rhodobacter-Rhodobacter sphaeroides,1
Eukaryota-Metazoa-Arthropoda-Insecta-Hymenoptera-Formicidae-Cerapachys-Cerapachys biroi,1
Eukaryota-Metazoa-Echinodermata-Echinoidea-Echinoida-Strongylocentrotidae-Strongylocentrotus-Strongylocentrotus purpuratus,1
Bacteria-no kingdom-Proteobacteria-Betaproteobacteria-Burkholderiales-Burkholderiaceae-Burkholderia-Burkholderia sp. lig30,1
Bacteria-no kingdom-Firmicutes-Bacilli-Bacillales-Bacillaceae-Bacillus-Bacillus sp. SA1-12,1
Bacteria-no kingdom-Proteobacteria-Gammaproteobacteria-Xanthomonadales-Xanthomonadaceae-Rhodanobacter-Rhodanobacter sp. 115,1
Bacteria-no kingdom-no phylum-no classes-no order-no family-no genus-bacteria symbiont BFo1 of Frankliniella occidentalis,2
Bacteria-no kingdom-Proteobacteria-Betaproteobacteria-Burkholderiales-Alcaligenaceae-Castellaniella-Castellaniella defragrans,1
Bacteria-no kingdom-Proteobacteria-Gammaproteobacteria-Pseudomonadales-Pseudomonadaceae-Azotobacter-Azotobacter vinelandii,1
Bacteria-no kingdom-Acidobacteria-Solibacteres-Solibacterales-Solibacteraceae-Candidatus Solibacter-Solibacter usitatus,1
Bacteria-no kingdom-Proteobacteria-Betaproteobacteria-Burkholderiales-no family-no genus-[Polyangium] brachysporum,1
Bacteria-no kingdom-Proteobacteria-Gammaproteobacteria-Oceanospirillales-Oceanospirillaceae-Marinomonas-Marinomonas mediterranea,1
Bacteria-no kingdom-Proteobacteria-Alphaproteobacteria-Rhodospirillales-Acetobacteraceae-Asaia-Asaia platycodi,1
Bacteria-no kingdom-no phylum-Actinobacteria-Corynebacteriales-Nocardiaceae-Rhodococcus-Rhodococcus pyridinivorans,1
Bacteria-no kingdom-Proteobacteria-Deltaproteobacteria-Myxococcales-Cystobacteraceae-Hyalangium-Hyalangium minutum,1
Bacteria-no kingdom-Proteobacteria-Gammaproteobacteria-Oceanospirillales-Halomonadaceae-Halomonas-Halomonas campaniensis,3
Eukaryota-Metazoa-Chordata-Mammalia-Primates-Cebidae-Callithrix-Callithrix jacchus,1
Bacteria-no kingdom-no phylum-Actinobacteria-Streptomycetales-Streptomycetaceae-Streptomyces-Streptomyces sp.,1
Bacteria-no kingdom-Proteobacteria-Alphaproteobacteria-Rhizobiales-Methylobacteriaceae-Methylobacterium-Methylobacterium extorquens,1
Bacteria-no kingdom-Firmicutes-Bacilli-Bacillales-Paenibacillaceae-Paenibacillus-Paenibacillus sp.,1
Bacteria-no kingdom-Proteobacteria-Gammaproteobacteria-Alteromonadales-Alteromonadaceae-Glaciecola-Glaciecola punicea,1
Bacteria-no kingdom-Proteobacteria-Betaproteobacteria-Burkholderiales-Oxalobacteraceae-Janthinobacterium-Janthinobacterium sp. HH01,1
Bacteria-no kingdom-no phylum-Actinobacteria-Pseudonocardiales-Pseudonocardiaceae-Saccharothrix-Saccharothrix sp. ST-888,1
Bacteria-no kingdom-Proteobacteria-Alphaproteobacteria-Sphingomonadales-Sphingomonadaceae-Sphingobium-Sphingobium sp. ba1,1
Bacteria-no kingdom-Proteobacteria-Alphaproteobacteria-Rhodobacterales-Rhodobacteraceae-Thioclava-Thioclava sp. 13D2W-2,1
Eukaryota-Metazoa-Nematoda-Chromadorea-Ascaridida-Ascarididae-Ascaris-Ascaris lumbricoides,1
Bacteria-no kingdom-Proteobacteria-Gammaproteobacteria-Pseudomonadales-Pseudomonadaceae-Pseudomonas-Pseudomonas lutea,1
Bacteria-no kingdom-Proteobacteria-Gammaproteobacteria-Pseudomonadales-Moraxellaceae-Acinetobacter-Acinetobacter tandoii,2
Bacteria-no kingdom-Firmicutes-Bacilli-Bacillales-Paenibacillaceae-Paenibacillus-Paenibacillus sp. TCA20,1
Eukaryota-Metazoa-Arthropoda-Insecta-Diptera-Drosophilidae-Drosophila-Drosophila melanogaster,1
Bacteria-no kingdom-Proteobacteria-Alphaproteobacteria-Rhodospirillales-Rhodospirillaceae-Inquilinus-Inquilinus limosus,1
Bacteria-no kingdom-Proteobacteria-Alphaproteobacteria-Rhodospirillales-Acetobacteraceae-Acetobacter-Acetobacter syzygii,1
Bacteria-no kingdom-no phylum-Actinobacteria-Geodermatophilales-Geodermatophilaceae-Modestobacter-Modestobacter sp. KNN45-2b,1
Bacteria-no kingdom-no phylum-Actinobacteria-Corynebacteriales-Gordoniaceae-Gordonia-Gordonia sp. NB4-1Y,1
Eukaryota-Fungi-Ascomycota-Leotiomycetes-no order-Myxotrichaceae-Oidiodendron-Oidiodendron maius,1
Bacteria-no kingdom-Proteobacteria-Gammaproteobacteria-Pseudomonadales-Moraxellaceae-Acinetobacter-Acinetobacter sp. HR7,1
Bacteria-no kingdom-Cyanobacteria-no classes-no order-Prochlorotrichaceae-Prochlorothrix-Prochlorothrix hollandica,1
Bacteria-no kingdom-Proteobacteria-Alphaproteobacteria-Caulobacterales-Caulobacteraceae-Caulobacter-Caulobacter sp.,1
Eukaryota-Fungi-Ascomycota-Eurotiomycetes-Eurotiales-Trichocomaceae-Talaromyces-Talaromyces stipitatus,1
Bacteria-no kingdom-Proteobacteria-Betaproteobacteria-Burkholderiales-Comamonadaceae-Comamonas-Comamonas aquatica,1
Archaea-no kingdom-Euryarchaeota-Halobacteria-Halobacteriales-Halobacteriaceae-Natronomonas-Natronomonas moolapensis,1
Bacteria-no kingdom-no phylum-Actinobacteria-Streptomycetales-Streptomycetaceae-Streptomyces-Streptomyces violaceusniger,1
Eukaryota-Metazoa-Arthropoda-Insecta-Isoptera-Termopsidae-Zootermopsis-Zootermopsis nevadensis,2
Bacteria-no kingdom-Proteobacteria-Alphaproteobacteria-Kiloniellales-Kiloniellaceae-Kiloniella-Kiloniella sp. P1-1,2
Bacteria-no kingdom-Bacteroidetes-Flavobacteriia-Flavobacteriales-Flavobacteriaceae-Flavobacterium-Flavobacterium frigoris,1
Eukaryota-Fungi-Ascomycota-Pezizomycetes-Pezizales-Tuberaceae-Tuber-Tuber melanosporum,1
Bacteria-no kingdom-Proteobacteria-Betaproteobacteria-Burkholderiales-Oxalobacteraceae-Massilia-Massilia timonae,1
Bacteria-no kingdom-Proteobacteria-Gammaproteobacteria-Oceanospirillales-Halomonadaceae-Halomonas-Halomonas sp. S2151,1
Eukaryota-Fungi-Ascomycota-Leotiomycetes-Helotiales-Helotiaceae-Glarea-Glarea lozoyensis,1
Eukaryota-Fungi-Ascomycota-Dothideomycetes-Capnodiales-Mycosphaerellaceae-Zymoseptoria-Zymoseptoria brevis,1
Eukaryota-Fungi-Ascomycota-Saccharomycetes-Saccharomycetales-Debaryomycetaceae-Candida-Candida parapsilosis,1
Bacteria-no kingdom-Proteobacteria-Gammaproteobacteria-no order-no family-no genus-Gammaproteobacteria bacterium MFB021,2
Bacteria-no kingdom-Proteobacteria-Alphaproteobacteria-Caulobacterales-Caulobacteraceae-Brevundimonas-Brevundimonas sp. KM4,1
Bacteria-no kingdom-Proteobacteria-Alphaproteobacteria-Rhodobacterales-Rhodobacteraceae-Thalassobium-Thalassobium sp. R2A62,1
Bacteria-no kingdom-Proteobacteria-Gammaproteobacteria-Oceanospirillales-no family-Gynuella-Gynuella sunshinyii,1
Bacteria-no kingdom-Proteobacteria-Betaproteobacteria-Burkholderiales-Alcaligenaceae-Pusillimonas-no species,1
Eukaryota-Fungi-Ascomycota-Saccharomycetes-Saccharomycetales-Debaryomycetaceae-Debaryomyces-Debaryomyces hansenii,1
Bacteria-no kingdom-no phylum-Actinobacteria-Streptomycetales-Streptomycetaceae-Streptomyces-Streptomyces tsukubaensis,1
Bacteria-no kingdom-Proteobacteria-Betaproteobacteria-Burkholderiales-Oxalobacteraceae-Janthinobacterium-Janthinobacterium sp. KBS0711,2
Eukaryota-Fungi-Basidiomycota-Agaricomycetes-Atheliales-Atheliaceae-Piloderma-Piloderma croceum,1
Bacteria-no kingdom-Bacteroidetes-Bacteroidia-Bacteroidales-Bacteroidaceae-Bacteroides-Bacteroides sp. CAG:714,1
Bacteria-no kingdom-no phylum-Actinobacteria-Streptomycetales-Streptomycetaceae-no genus-Streptomycetaceae bacterium MP113-05,1
Eukaryota-Metazoa-Placozoa-no classes-no order-no family-Trichoplax-Trichoplax adhaerens,1
Eukaryota-Metazoa-Chordata-Actinopteri-no order-Sciaenidae-Larimichthys-Larimichthys crocea,1
Bacteria-no kingdom-Proteobacteria-Gammaproteobacteria-Pseudomonadales-Moraxellaceae-Acinetobacter-Acinetobacter haemolyticus,2
Bacteria-no kingdom-Proteobacteria-Alphaproteobacteria-Rhodospirillales-Rhodospirillaceae-Caenispirillum-Caenispirillum salinarum,1
Eukaryota-Fungi-Ascomycota-Saccharomycetes-Saccharomycetales-Dipodascaceae-Yarrowia-Yarrowia lipolytica,1
Eukaryota-Fungi-Basidiomycota-Agaricomycetes-Russulales-Bondarzewiaceae-Heterobasidion-Heterobasidion irregulare,1
Eukaryota-Metazoa-Chordata-Actinopteri-Characiformes-Characidae-Astyanax-Astyanax mexicanus,3
Eukaryota-Metazoa-Nematoda-Chromadorea-Rhabditida-Ancylostomatidae-Necator-Necator americanus,1
Bacteria-no kingdom-Proteobacteria-Alphaproteobacteria-Rhizobiales-Hyphomicrobiaceae-Pelagibacterium-Pelagibacterium halotolerans,1
Bacteria-no kingdom-Proteobacteria-Alphaproteobacteria-Rhodobacterales-Rhodobacteraceae-Rhodobacter-Rhodobacter sp. CACIA14H1,1
Bacteria-no kingdom-Proteobacteria-Gammaproteobacteria-Alteromonadales-Colwelliaceae-Thalassotalea-Thalassotalea sp. ND16A,1
Eukaryota-Fungi-Basidiomycota-Agaricomycetes-Cantharellales-Botryobasidiaceae-Botryobasidium-Botryobasidium botryosum,1
Bacteria-no kingdom-Proteobacteria-Alphaproteobacteria-Rhodobacterales-no family-no genus-Rhodobacterales bacterium HTCC2255,1
Bacteria-no kingdom-Proteobacteria-Gammaproteobacteria-Pseudomonadales-Pseudomonadaceae-Pseudomonas-Pseudomonas knackmussii,1
Bacteria-no kingdom-Proteobacteria-Gammaproteobacteria-Oceanospirillales-Halomonadaceae-Chromohalobacter-Chromohalobacter salexigens,2
Bacteria-no kingdom-Proteobacteria-Gammaproteobacteria-Salinisphaerales-Salinisphaeraceae-Salinisphaera-Salinisphaera shabanensis,1
Bacteria-no kingdom-Proteobacteria-Alphaproteobacteria-Rhodobacterales-Rhodobacteraceae-Puniceibacterium-Puniceibacterium sp. IMCC21224,1
Bacteria-no kingdom-Proteobacteria-Alphaproteobacteria-Rhodobacterales-Rhodobacteraceae-Roseovarius-Roseovarius tolerans,1
Bacteria-no kingdom-Proteobacteria-Betaproteobacteria-Neisseriales-Chromobacteriaceae-Pseudogulbenkiania-no species,1
Eukaryota-Viridiplantae-Streptophyta-no classes-Sapindales-Rutaceae-Citrus-Citrus sinensis,1
Bacteria-no kingdom-Proteobacteria-Betaproteobacteria-Burkholderiales-Burkholderiaceae-Burkholderia-Burkholderia sacchari,1
Bacteria-no kingdom-Proteobacteria-Gammaproteobacteria-Oceanospirillales-Oceanospirillaceae-Marinomonas-Marinomonas posidonica,1
Bacteria-no kingdom-Proteobacteria-Alphaproteobacteria-Rhizobiales-Phyllobacteriaceae-Nitratireductor-Nitratireductor aquibiodomus,1
Bacteria-no kingdom-Proteobacteria-Gammaproteobacteria-Oceanospirillales-Halomonadaceae-Halomonas-Halomonas salina,1
Bacteria-no kingdom-Proteobacteria-Alphaproteobacteria-Rhodospirillales-Acetobacteraceae-Gluconacetobacter-Gluconacetobacter sp. SXCC-1,1
Bacteria-no kingdom-Bacteroidetes-Flavobacteriia-Flavobacteriales-Flavobacteriaceae-Chryseobacterium-Chryseobacterium solincola,1
Eukaryota-Fungi-Basidiomycota-Tremellomycetes-Tremellales-Tremellaceae-Tremella-Tremella mesenterica,1
Bacteria-no kingdom-Firmicutes-Bacilli-Bacillales-Paenibacillaceae-Paenibacillus-Paenibacillus sabinae,1
Eukaryota-Metazoa-Arthropoda-Insecta-Diptera-Drosophilidae-Drosophila-Drosophila willistoni,1
Bacteria-no kingdom-Proteobacteria-Gammaproteobacteria-Chromatiales-Halothiobacillaceae-Halothiobacillus-Halothiobacillus neapolitanus,1
Bacteria-no kingdom-Proteobacteria-Alphaproteobacteria-Rhizobiales-Rhizobiaceae-Rhizobium-Rhizobium freirei,1
Eukaryota-Fungi-Ascomycota-Eurotiomycetes-Eurotiales-Aspergillaceae-Aspergillus-Emericella nidulans,1
Bacteria-no kingdom-no phylum-Actinobacteria-Frankiales-Frankiaceae-Frankia-no species,1
Eukaryota-Fungi-Ascomycota-Sordariomycetes-Magnaporthales-Magnaporthaceae-Gaeumannomyces-Gaeumannomyces graminis,1
Bacteria-no kingdom-Firmicutes-Bacilli-Bacillales-Bacillaceae-Bacillus-Bacillus halodurans,1
Bacteria-no kingdom-Proteobacteria-Betaproteobacteria-Burkholderiales-Burkholderiaceae-Burkholderia-Burkholderia andropogonis,1
Eukaryota-Fungi-Basidiomycota-Agaricomycetes-Corticiales-Corticiaceae-Schizopora-Schizopora paradoxa,1
Eukaryota-Fungi-Basidiomycota-Ustilaginomycetes-Ustilaginales-Ustilaginaceae-Sporisorium-Sporisorium reilianum,1
Bacteria-no kingdom-no phylum-Actinobacteria-Pseudonocardiales-Pseudonocardiaceae-Lechevalieria-Lechevalieria aerocolonigenes,1
Eukaryota-Fungi-Ascomycota-Sordariomycetes-Ophiostomatales-Ophiostomataceae-Sporothrix-Sporothrix schenckii,1
Eukaryota-Viridiplantae-Streptophyta-no classes-Selaginellales-Selaginellaceae-Selaginella-Selaginella moellendorffii,1
Bacteria-no kingdom-Proteobacteria-Deltaproteobacteria-Myxococcales-no family-Enhygromyxa-Enhygromyxa salina,1
Bacteria-no kingdom-Proteobacteria-Gammaproteobacteria-Cellvibrionales-Halieaceae-Congregibacter-Congregibacter litoralis,1
Bacteria-no kingdom-no phylum-Actinobacteria-Catenulisporales-Catenulisporaceae-Catenulispora-Catenulispora acidiphila,2
Bacteria-no kingdom-Proteobacteria-Alphaproteobacteria-Rhodobacterales-Rhodobacteraceae-Pseudovibrio-no species,1
Bacteria-no kingdom-Proteobacteria-Betaproteobacteria-Burkholderiales-Oxalobacteraceae-Massilia-Massilia sp. JS1662,1
Bacteria-no kingdom-Proteobacteria-Gammaproteobacteria-Alteromonadales-Pseudoalteromonadaceae-Pseudoalteromonas-Pseudoalteromonas atlantica,1
Bacteria-no kingdom-no phylum-Actinobacteria-Corynebacteriales-Nocardiaceae-Rhodococcus-Rhodococcus jostii,2
Eukaryota-Fungi-Ascomycota-Sordariomycetes-Hypocreales-Hypocreaceae-Trichoderma-Trichoderma harzianum,1
Bacteria-no kingdom-Proteobacteria-Alphaproteobacteria-Rhodobacterales-Rhodobacteraceae-Roseibium-Roseibium sp. TrichSKD4,1
Bacteria-no kingdom-Bacteroidetes-Flavobacteriia-Flavobacteriales-Flavobacteriaceae-Chryseobacterium-Chryseobacterium sp. Hurlbut01,1
Bacteria-no kingdom-Proteobacteria-Gammaproteobacteria-Pseudomonadales-Pseudomonadaceae-Pseudomonas-Pseudomonas rhizosphaerae,2
Eukaryota-Metazoa-Arthropoda-Insecta-Diptera-Culicidae-Anopheles-Anopheles gambiae,1
Bacteria-no kingdom-no phylum-Actinobacteria-Streptomycetales-Streptomycetaceae-Streptomyces-Streptomyces mobaraensis,1
Bacteria-no kingdom-Proteobacteria-Alphaproteobacteria-Rhizobiales-Bradyrhizobiaceae-Bradyrhizobium-Bradyrhizobium diazoefficiens,1
Bacteria-no kingdom-Proteobacteria-Alphaproteobacteria-Sphingomonadales-Sphingomonadaceae-Sphingobium-Sphingobium czechense,1
Eukaryota-Fungi-Ascomycota-Sordariomycetes-Calosphaeriales-Calosphaeriaceae-Togninia-Togninia minima,1
Bacteria-no kingdom-Proteobacteria-Gammaproteobacteria-Vibrionales-Vibrionaceae-Photobacterium-Photobacterium ganghwense,1
Bacteria-no kingdom-Proteobacteria-Gammaproteobacteria-Pseudomonadales-Moraxellaceae-Acinetobacter-Acinetobacter nectaris,2
Bacteria-no kingdom-Proteobacteria-Betaproteobacteria-Burkholderiales-Alcaligenaceae-Bordetella-Bordetella avium,1
Bacteria-no kingdom-Nitrospirae-no classes-Nitrospirales-Nitrospiraceae-Nitrospira-Nitrospira defluvii,1
Bacteria-no kingdom-Proteobacteria-Gammaproteobacteria-Xanthomonadales-Xanthomonadaceae-Pseudoxanthomonas-Pseudoxanthomonas spadix,1
Eukaryota-Fungi-Ascomycota-Leotiomycetes-Erysiphales-Erysiphaceae-Blumeria-Blumeria graminis,1
Bacteria-no kingdom-Proteobacteria-Gammaproteobacteria-Pseudomonadales-Pseudomonadaceae-Pseudomonas-Pseudomonas sp. M47T1,1
Bacteria-no kingdom-Proteobacteria-Alphaproteobacteria-Rhodobacterales-Rhodobacteraceae-Paracoccus-Paracoccus aminophilus,1
Bacteria-no kingdom-Proteobacteria-Gammaproteobacteria-Oceanospirillales-Oceanospirillaceae-Marinomonas-Marinomonas ushuaiensis,1
Eukaryota-no kingdom-no phylum-no classes-Longamoebia-no family-Acanthamoeba-Acanthamoeba castellanii,2
Bacteria-no kingdom-no phylum-Rubrobacteria-Rubrobacterineae-Rubrobacteraceae-Rubrobacter-Rubrobacter radiotolerans,1
Bacteria-no kingdom-Cyanobacteria-no classes-Pleurocapsales-no family-Chroococcidiopsis-Chroococcidiopsis thermalis,1
Bacteria-no kingdom-Firmicutes-Bacilli-Bacillales-Bacillaceae-Bacillus-Bacillus wakoensis,1
Bacteria-no kingdom-no phylum-Actinobacteria-Micrococcales-Dermacoccaceae-Luteipulveratus-Luteipulveratus mongoliensis,1
Bacteria-no kingdom-no phylum-Actinobacteria-Streptomycetales-Streptomycetaceae-Kitasatospora-Kitasatospora griseola,1
Bacteria-no kingdom-no phylum-Actinobacteria-Streptosporangiales-Thermomonosporaceae-Thermomonospora-Thermomonospora curvata,1
Bacteria-no kingdom-Proteobacteria-Deltaproteobacteria-Myxococcales-Polyangiaceae-Sorangium-Sorangium cellulosum,1
Eukaryota-Fungi-Ascomycota-Saccharomycetes-Saccharomycetales-Saccharomycetaceae-Torulaspora-Torulaspora delbrueckii,1
Eukaryota-Fungi-Basidiomycota-Pucciniomycetes-Pucciniales-Pucciniaceae-Puccinia-Puccinia striiformis,1
Bacteria-no kingdom-Firmicutes-Bacilli-Bacillales-Paenibacillaceae-Paenibacillus-Paenibacillus darwinianus,1
Bacteria-no kingdom-Bacteroidetes-Sphingobacteriia-Sphingobacteriales-Chitinophagaceae-Chitinophaga-Chitinophaga pinensis,1
Bacteria-no kingdom-Proteobacteria-Gammaproteobacteria-Xanthomonadales-Xanthomonadaceae-Frateuria-Frateuria aurantia,1
Bacteria-no kingdom-no phylum-Actinobacteria-Corynebacteriales-Segniliparaceae-Segniliparus-Segniliparus rotundus,1
Bacteria-no kingdom-Firmicutes-Bacilli-Bacillales-Bacillaceae-Bacillus-Bacillus ginsengihumi,1
Bacteria-no kingdom-no phylum-Actinobacteria-Corynebacteriales-Nocardiaceae-Nocardia-Nocardia farcinica,1
Bacteria-no kingdom-Proteobacteria-Alphaproteobacteria-Rhodobacterales-Rhodobacteraceae-Thioclava-Thioclava sp. DT23-4,1
Eukaryota-Viridiplantae-Streptophyta-Liliopsida-Poales-Poaceae-Zea-Zea mays,1
Bacteria-no kingdom-Firmicutes-Bacilli-Bacillales-Paenibacillaceae-Paenibacillus-Paenibacillus wynnii,1
Bacteria-no kingdom-Proteobacteria-Gammaproteobacteria-Oceanospirillales-Oceanospirillaceae-Marinomonas-Marinomonas sp. S3726,1
Eukaryota-Viridiplantae-Streptophyta-no classes-Cucurbitales-Cucurbitaceae-Cucumis-Cucumis sativus,1
Bacteria-no kingdom-Proteobacteria-Alphaproteobacteria-Rhizobiales-Aurantimonadaceae-Aurantimonas-Aurantimonas manganoxydans,1
Bacteria-no kingdom-Proteobacteria-Gammaproteobacteria-Enterobacteriales-Enterobacteriaceae-Klebsiella-Klebsiella pneumoniae,1
Eukaryota-Fungi-Ascomycota-Dothideomycetes-Botryosphaeriales-Botryosphaeriaceae-Diplodia-Diplodia seriata,1
Bacteria-no kingdom-no phylum-Actinobacteria-Corynebacteriales-Nocardiaceae-Rhodococcus-Rhodococcus sp. B7740,2
Eukaryota-Fungi-Ascomycota-Saccharomycetes-Saccharomycetales-Debaryomycetaceae-Scheffersomyces-Scheffersomyces stipitis,1
Bacteria-no kingdom-Firmicutes-Bacilli-Bacillales-Bacillaceae-Bacillus-Bacillus subtilis,1
Bacteria-no kingdom-Proteobacteria-Gammaproteobacteria-Vibrionales-Vibrionaceae-Photobacterium-Photobacterium halotolerans,1
Bacteria-no kingdom-Proteobacteria-Alphaproteobacteria-Sphingomonadales-Sphingomonadaceae-Sphingomonas-Sphingomonas sp. WHSC-8,1
Eukaryota-Fungi-Basidiomycota-Tremellomycetes-Tremellales-no family-Trichosporon-Trichosporon asahii,1
Bacteria-no kingdom-Proteobacteria-Gammaproteobacteria-Enterobacteriales-Enterobacteriaceae-Enterobacter-Enterobacter sp. 35730,1
Eukaryota-Fungi-Ascomycota-Saccharomycetes-Saccharomycetales-Saccharomycetaceae-Lachancea-Lachancea thermotolerans,1
Bacteria-no kingdom-Proteobacteria-Alphaproteobacteria-Rhizobiales-Bradyrhizobiaceae-Bradyrhizobium-Bradyrhizobium sp. STM 3843,1
Bacteria-no kingdom-Proteobacteria-Gammaproteobacteria-Xanthomonadales-Xanthomonadaceae-Xanthomonas-Xanthomonas oryzae,1
Bacteria-no kingdom-no phylum-Actinobacteria-Corynebacteriales-Nocardiaceae-Rhodococcus-Rhodococcus sp. BCP1,1
Bacteria-no kingdom-Proteobacteria-Gammaproteobacteria-Pasteurellales-Pasteurellaceae-Actinobacillus-Actinobacillus pleuropneumoniae,1
Eukaryota-Fungi-Basidiomycota-Agaricomycetes-Boletales-Paxillaceae-Paxillus-Paxillus rubicundulus,1
Eukaryota-Metazoa-Chordata-Aves-Sphenisciformes-Spheniscidae-Aptenodytes-Aptenodytes forsteri,1
Bacteria-no kingdom-Proteobacteria-Alphaproteobacteria-Rhodospirillales-Acetobacteraceae-Acidiphilium-Acidiphilium cryptum,1
Bacteria-no kingdom-Proteobacteria-Alphaproteobacteria-Rhodobacterales-Rhodobacteraceae-Pseudooceanicola-Pseudooceanicola atlanticus,1
Bacteria-no kingdom-Proteobacteria-Alphaproteobacteria-Rhodobacterales-Rhodobacteraceae-Paracoccus-Paracoccus sp. 361,1
Bacteria-no kingdom-Firmicutes-Bacilli-Bacillales-Paenibacillaceae-Paenibacillus-Paenibacillus sp. FSL R7-0331,1
Eukaryota-no kingdom-no phylum-no classes-Dictyosteliida-no family-Dictyostelium-Dictyostelium discoideum,1
Bacteria-no kingdom-Proteobacteria-Gammaproteobacteria-Pseudomonadales-Pseudomonadaceae-Pseudomonas-Pseudomonas sp. Lz4W,1
Bacteria-no kingdom-Proteobacteria-Alphaproteobacteria-Rhodobacterales-Rhodobacteraceae-Loktanella-Loktanella hongkongensis,1
Bacteria-no kingdom-Proteobacteria-Alphaproteobacteria-Rhizobiales-Brucellaceae-Ochrobactrum-Ochrobactrum anthropi,2
Eukaryota-Metazoa-Chordata-Mammalia-Monotremata-Ornithorhynchidae-Ornithorhynchus-Ornithorhynchus anatinus,2
Bacteria-no kingdom-no phylum-Actinobacteria-Corynebacteriales-Nocardiaceae-Rhodococcus-Rhodococcus sp. MEB064,1
Bacteria-no kingdom-Proteobacteria-Alphaproteobacteria-no order-no family-Candidatus Puniceispirillum-Puniceispirillum marinum,2
Bacteria-no kingdom-Bacteroidetes-Cytophagia-Cytophagales-Cytophagaceae-Rufibacter-Rufibacter sp. DG31D,1
Eukaryota-Viridiplantae-Streptophyta-no classes-Malpighiales-Euphorbiaceae-Jatropha-Jatropha curcas,1
Bacteria-no kingdom-Proteobacteria-Betaproteobacteria-no order-no family-no genus-Betaproteobacteria bacterium MOLA814,1
Bacteria-no kingdom-Proteobacteria-Alphaproteobacteria-Rhodobacterales-Rhodobacteraceae-Paracoccus-Paracoccus sanguinis,1
Bacteria-no kingdom-no phylum-Actinobacteria-Streptomycetales-Streptomycetaceae-Streptomyces-Streptomyces clavuligerus,1
Bacteria-no kingdom-Proteobacteria-Alphaproteobacteria-Rhodobacterales-Rhodobacteraceae-Celeribacter-Celeribacter baekdonensis,1
Bacteria-no kingdom-Proteobacteria-Betaproteobacteria-Burkholderiales-no family-Methylibium-Methylibium sp. NZG,1
Eukaryota-Fungi-Ascomycota-Saccharomycetes-Saccharomycetales-Saccharomycetaceae-Kluyveromyces-Kluyveromyces lactis,1
Eukaryota-Fungi-Ascomycota-Saccharomycetes-Saccharomycetales-Pichiaceae-Ogataea-Ogataea parapolymorpha,1
Eukaryota-Viridiplantae-Chlorophyta-Trebouxiophyceae-Chlorellales-Chlorellaceae-Chlorella-Chlorella variabilis,1
Bacteria-no kingdom-Proteobacteria-Gammaproteobacteria-Enterobacteriales-Enterobacteriaceae-Cronobacter-Cronobacter sakazakii,1
Eukaryota-Metazoa-Arthropoda-Insecta-Diptera-Drosophilidae-Drosophila-Drosophila mojavensis,1
Eukaryota-Fungi-Basidiomycota-Agaricomycetes-Cantharellales-mitosporic Ceratobasidiaceae-Rhizoctonia-Thanatephorus cucumeris,1
Eukaryota-Fungi-Ascomycota-Sordariomycetes-Glomerellales-mitosporic Plectosphaerellaceae-Verticillium-Verticillium alfalfae,1
Eukaryota-Fungi-Ascomycota-Schizosaccharomycetes-Schizosaccharomycetales-Schizosaccharomycetaceae-Schizosaccharomyces-Schizosaccharomyces pombe,1
Bacteria-no kingdom-Proteobacteria-Alphaproteobacteria-Sphingomonadales-Sphingomonadaceae-Novosphingobium-Novosphingobium pentaromativorans,1
Bacteria-no kingdom-no phylum-Actinobacteria-Micrococcales-Bogoriellaceae-Georgenia-Georgenia sp. SUBG003,1
Bacteria-no kingdom-Firmicutes-Bacilli-Bacillales-Paenibacillaceae-Paenibacillus-Paenibacillus stellifer,1
Bacteria-no kingdom-Proteobacteria-Alphaproteobacteria-Rhodobacterales-Rhodobacteraceae-Jannaschia-Jannaschia aquimarina,1
Eukaryota-Fungi-Basidiomycota-Agaricomycetes-Agaricales-Schizophyllaceae-Schizophyllum-Schizophyllum commune,1
Bacteria-no kingdom-Proteobacteria-Betaproteobacteria-Burkholderiales-Oxalobacteraceae-Herbaspirillum-Herbaspirillum sp. CF444,1
Bacteria-no kingdom-no phylum-Actinobacteria-Micrococcales-Intrasporangiaceae-Tetrasphaera-Tetrasphaera japonica,1
Bacteria-no kingdom-Firmicutes-Bacilli-Bacillales-Thermoactinomycetaceae-Desmospora-Desmospora sp. 8437,1
Bacteria-no kingdom-Proteobacteria-Alphaproteobacteria-Rhodobacterales-Rhodobacteraceae-Pannonibacter-Pannonibacter phragmitetus,1
Eukaryota-Metazoa-Chordata-Aves-Anseriformes-Anatidae-Anas-Anas platyrhynchos,1
Bacteria-no kingdom-Proteobacteria-Betaproteobacteria-Neisseriales-Chromobacteriaceae-Aquitalea-Aquitalea magnusonii,1
Bacteria-no kingdom-Acidobacteria-Acidobacteriia-Acidobacteriales-Acidobacteriaceae-Granulicella-Granulicella tundricola,1
Bacteria-no kingdom-Acidobacteria-Acidobacteriia-Acidobacteriales-Acidobacteriaceae-Terriglobus-Terriglobus roseus,1
Bacteria-no kingdom-Bacteroidetes-Bacteroidia-Bacteroidales-Bacteroidaceae-Bacteroides-Bacteroides sp. CAG:633,1
Eukaryota-Fungi-Ascomycota-Eurotiomycetes-Chaetothyriales-Herpotrichiellaceae-Cladophialophora-Cladophialophora immunda,1
Bacteria-no kingdom-Proteobacteria-Alphaproteobacteria-Rhizobiales-Phyllobacteriaceae-Nitratireductor-Nitratireductor basaltis,1
Bacteria-no kingdom-no phylum-Actinobacteria-Micrococcales-Micrococcaceae-Kocuria-Kocuria rhizophila,1
Bacteria-no kingdom-Proteobacteria-Alphaproteobacteria-Rhodobacterales-Rhodobacteraceae-no genus-Rhodobacteraceae bacterium HIMB11,1
Bacteria-no kingdom-no phylum-Actinobacteria-Corynebacteriales-Corynebacteriaceae-Corynebacterium-Corynebacterium variabile,1
Bacteria-no kingdom-Proteobacteria-Alphaproteobacteria-Rhizobiales-Xanthobacteraceae-Azorhizobium-Azorhizobium caulinodans,2
Bacteria-no kingdom-Proteobacteria-Alphaproteobacteria-Rhizobiales-Bartonellaceae-Bartonella-Bartonella tamiae,1
Bacteria-no kingdom-Proteobacteria-Alphaproteobacteria-Rhizobiales-Phyllobacteriaceae-Nitratireductor-Nitratireductor pacificus,1
Eukaryota-no kingdom-no phylum-Pelagophyceae-Pelagomonadales-no family-Aureococcus-Aureococcus anophagefferens,1
Bacteria-no kingdom-Bacteroidetes-Bacteroidia-Bacteroidales-Bacteroidaceae-Bacteroides-Bacteroides sp. CAG:443,1
Eukaryota-Viridiplantae-Streptophyta-no classes-Brassicales-Brassicaceae-Brassica-Brassica napus,1
Bacteria-no kingdom-Proteobacteria-Gammaproteobacteria-Pseudomonadales-Pseudomonadaceae-Pseudomonas-Pseudomonas fluorescens,4
Bacteria-no kingdom-Deinococcus-Thermus-Deinococci-Thermales-Thermaceae-Meiothermus-Meiothermus ruber,1
Eukaryota-Fungi-Chytridiomycota-Chytridiomycetes-Rhizophydiales-no family-Batrachochytrium-Batrachochytrium dendrobatidis,1
Eukaryota-Fungi-no phylum-no classes-Mucorales-Mucoraceae-Parasitella-Parasitella parasitica,1
Bacteria-no kingdom-no phylum-Actinobacteria-Micrococcales-Micrococcaceae-Arthrobacter-Arthrobacter sp. YC-RL1,1
Bacteria-no kingdom-Proteobacteria-Alphaproteobacteria-Rhodobacterales-Rhodobacteraceae-Pelagibaca-Pelagibaca bermudensis,1
Eukaryota-no kingdom-no phylum-Oomycetes-Saprolegniales-Saprolegniaceae-Saprolegnia-Saprolegnia parasitica,1
Eukaryota-Fungi-Ascomycota-Sordariomycetes-Hypocreales-Hypocreaceae-Trichoderma-Hypocrea virens,1
Bacteria-no kingdom-Bacteroidetes-Flavobacteriia-Flavobacteriales-Flavobacteriaceae-Chryseobacterium-Chryseobacterium gallinarum,1
Bacteria-no kingdom-no phylum-Actinobacteria-Micrococcales-Brevibacteriaceae-Brevibacterium-Brevibacterium linens,1
Eukaryota-Fungi-Ascomycota-Saccharomycetes-Saccharomycetales-Metschnikowiaceae-Clavispora-Candida auris,1
Eukaryota-Metazoa-Arthropoda-Insecta-Diptera-Culicidae-Culex-Culex quinquefasciatus,1
Eukaryota-Fungi-Ascomycota-Sordariomycetes-Glomerellales-Glomerellaceae-Colletotrichum-Colletotrichum gloeosporioides,1
Bacteria-no kingdom-Proteobacteria-Gammaproteobacteria-Enterobacteriales-Enterobacteriaceae-Serratia-Serratia proteamaculans,1
Eukaryota-Fungi-Basidiomycota-Agaricomycetes-Polyporales-Coriolaceae-Trametes-Pycnoporus cinnabarinus,1
Bacteria-no kingdom-no phylum-Planctomycetia-Planctomycetales-Planctomycetaceae-Singulisphaera-Singulisphaera acidiphila,1
Eukaryota-Metazoa-Chordata-Actinopteri-Cyprinodontiformes-Poeciliidae-Poecilia-Poecilia formosa,2
Eukaryota-Fungi-Ascomycota-Eurotiomycetes-Chaetothyriales-Herpotrichiellaceae-Exophiala-Exophiala aquamarina,1
Bacteria-no kingdom-Proteobacteria-Betaproteobacteria-Burkholderiales-no family-Sphaerotilus-Sphaerotilus natans,1
Bacteria-no kingdom-Proteobacteria-Alphaproteobacteria-Rhodospirillales-Rhodospirillaceae-Azospirillum-Azospirillum brasilense,2
Bacteria-no kingdom-Proteobacteria-Alphaproteobacteria-Rhodospirillales-Acetobacteraceae-Komagataeibacter-Komagataeibacter hansenii,1
Bacteria-no kingdom-Proteobacteria-Betaproteobacteria-Burkholderiales-Oxalobacteraceae-Collimonas-Collimonas fungivorans,1
Bacteria-no kingdom-no phylum-Actinobacteria-Micrococcales-Microbacteriaceae-Microbacterium-Microbacterium sp. TS-1,1
Bacteria-no kingdom-Proteobacteria-Gammaproteobacteria-Oceanospirillales-Alcanivoracaceae-Alcanivorax-Alcanivorax dieselolei,1
Bacteria-no kingdom-Proteobacteria-Alphaproteobacteria-Rhodobacterales-Rhodobacteraceae-Loktanella-Loktanella vestfoldensis,2
Bacteria-no kingdom-Proteobacteria-Alphaproteobacteria-Rhodobacterales-Rhodobacteraceae-Roseobacter-Roseobacter sp. SK209-2-6,1
Bacteria-no kingdom-Proteobacteria-Gammaproteobacteria-Enterobacteriales-Enterobacteriaceae-Mangrovibacter-Mangrovibacter sp. MFB070,1
Eukaryota-Fungi-Ascomycota-Dothideomycetes-Pleosporales-Pleosporaceae-Bipolaris-Cochliobolus sativus,1
Bacteria-no kingdom-Proteobacteria-Gammaproteobacteria-Enterobacteriales-Enterobacteriaceae-Serratia-Serratia marcescens,1
Eukaryota-Fungi-Basidiomycota-Agaricomycetes-Polyporales-Phanerochaetaceae-Phanerochaete-Phanerochaete carnosa,1
Bacteria-no kingdom-Proteobacteria-Alphaproteobacteria-Rhodospirillales-Acetobacteraceae-Gluconobacter-Gluconobacter morbifer,1
Eukaryota-Fungi-Ascomycota-Sordariomycetes-Glomerellales-Glomerellaceae-Colletotrichum-Colletotrichum sublineola,1
Bacteria-no kingdom-no phylum-Actinobacteria-Corynebacteriales-Mycobacteriaceae-Mycobacterium-Mycobacterium cosmeticum,1
Bacteria-no kingdom-no phylum-Actinobacteria-Corynebacteriales-Nocardiaceae-Nocardia-Nocardia brasiliensis,2
Eukaryota-Viridiplantae-Streptophyta-Liliopsida-Alismatales-Zosteraceae-Zostera-Zostera marina,1
Eukaryota-Fungi-Ascomycota-Leotiomycetes-no order-Pseudeurotiaceae-Pseudogymnoascus-Pseudogymnoascus pannorum VKM F-3557,1
Bacteria-no kingdom-Proteobacteria-Alphaproteobacteria-Sphingomonadales-Sphingomonadaceae-Novosphingobium-Novosphingobium sp. P6W,1
Bacteria-no kingdom-Firmicutes-Bacilli-Bacillales-Paenibacillaceae-Paenibacillus-Paenibacillus curdlanolyticus,1
Eukaryota-Metazoa-Arthropoda-Insecta-Lepidoptera-Nymphalidae-Danaus-Danaus plexippus,1
Bacteria-no kingdom-Proteobacteria-Alphaproteobacteria-Rhizobiales-Phyllobacteriaceae-Aquamicrobium-Aquamicrobium defluvii,1
Eukaryota-Metazoa-Arthropoda-Insecta-Diptera-Drosophilidae-Drosophila-Drosophila grimshawi,1
Eukaryota-Viridiplantae-Streptophyta-no classes-Solanales-Solanaceae-Solanum-Solanum lycopersicum,1
Bacteria-no kingdom-Proteobacteria-Alphaproteobacteria-Rhodobacterales-Rhodobacteraceae-Phaeobacter-Phaeobacter inhibens,1
Bacteria-no kingdom-Proteobacteria-Betaproteobacteria-Neisseriales-Neisseriaceae-Neisseria-Neisseria sp. KH1503,1
Eukaryota-Viridiplantae-Chlorophyta-Chlorophyceae-Chlamydomonadales-Chlamydomonadaceae-Chlamydomonas-Chlamydomonas reinhardtii,1
Bacteria-no kingdom-no phylum-Phycisphaerae-Phycisphaerales-Phycisphaeraceae-Phycisphaera-Phycisphaera mikurensis,1
Bacteria-no kingdom-Proteobacteria-Gammaproteobacteria-Pseudomonadales-Pseudomonadaceae-Pseudomonas-Pseudomonas alcaligenes,1
Eukaryota-Fungi-Ascomycota-no classes-no order-no family-Saitoella-Saitoella complicata,1
Bacteria-no kingdom-Proteobacteria-Alphaproteobacteria-Rhodobacterales-Rhodobacteraceae-Oceanicola-Oceanicola granulosus,1
Eukaryota-Fungi-Ascomycota-Sordariomycetes-Hypocreales-Clavicipitaceae-Metarhizium-Metarhizium robertsii,2
Bacteria-no kingdom-Proteobacteria-Alphaproteobacteria-Rhodobacterales-Rhodobacteraceae-Paenirhodobacter-Paenirhodobacter enshiensis,1
Eukaryota-Fungi-Ascomycota-Eurotiomycetes-Chaetothyriales-Cyphellophoraceae-Cyphellophora-Cyphellophora europaea,1
Bacteria-no kingdom-Proteobacteria-Alphaproteobacteria-Rhizobiales-Rhizobiaceae-Rhizobium-Rhizobium sp. LC145,2
Bacteria-no kingdom-Proteobacteria-Gammaproteobacteria-Oceanospirillales-Oceanospirillaceae-Marinomonas-no species,1
Bacteria-no kingdom-Proteobacteria-Alphaproteobacteria-Rhizobiales-Aurantimonadaceae-Fulvimarina-Fulvimarina pelagi,1
Bacteria-no kingdom-Proteobacteria-Gammaproteobacteria-Enterobacteriales-Enterobacteriaceae-Providencia-Providencia rettgeri,1
Bacteria-no kingdom-Proteobacteria-Alphaproteobacteria-Rhodobacterales-Rhodobacteraceae-Labrenzia-Labrenzia alexandrii,1
Eukaryota-Fungi-Ascomycota-Sordariomycetes-Sordariales-Sordariaceae-Sordaria-Sordaria macrospora,1
Bacteria-no kingdom-no phylum-Actinobacteria-Micrococcales-Micrococcaceae-Arthrobacter-Arthrobacter globiformis,1
Bacteria-no kingdom-Proteobacteria-Gammaproteobacteria-Enterobacteriales-Enterobacteriaceae-Raoultella-Raoultella planticola,1
Bacteria-no kingdom-no phylum-Actinobacteria-Micrococcales-Micrococcaceae-Sinomonas-Sinomonas sp. MUSC 117,1
Eukaryota-Metazoa-Chordata-Aves-Passeriformes-Pipridae-Manacus-Manacus vitellinus,1
Bacteria-no kingdom-Firmicutes-Bacilli-Bacillales-Bacillaceae-Bacillus-Bacillus circulans,1
Eukaryota-Fungi-Ascomycota-Sordariomycetes-Ophiostomatales-Ophiostomataceae-Grosmannia-Grosmannia clavigera,1
Bacteria-no kingdom-no phylum-Actinobacteria-Streptosporangiales-Streptosporangiaceae-Microbispora-Microbispora sp. ATCC PTA-5024,2
Bacteria-no kingdom-Proteobacteria-Alphaproteobacteria-Sphingomonadales-Erythrobacteraceae-Erythrobacter-Erythrobacter sp. s21-N3,1
Eukaryota-Fungi-Ascomycota-Eurotiomycetes-Eurotiales-Aspergillaceae-Aspergillus-Aspergillus ruber,1
Bacteria-no kingdom-Proteobacteria-Gammaproteobacteria-Enterobacteriales-Enterobacteriaceae-Pantoea-Pantoea vagans,2
Eukaryota-Viridiplantae-Streptophyta-no classes-Funariales-Funariaceae-Physcomitrella-Physcomitrella patens subsp. patens,1
Eukaryota-Fungi-Basidiomycota-Agaricomycetes-Agaricales-Tricholomataceae-Laccaria-Laccaria amethystina,1
Bacteria-no kingdom-Proteobacteria-Alphaproteobacteria-Rhodospirillales-Rhodospirillaceae-Skermanella-Skermanella stibiiresistens,2
Eukaryota-Fungi-Ascomycota-Saccharomycetes-Saccharomycetales-Saccharomycetaceae-Zygosaccharomyces-Zygosaccharomyces bailii,1
Bacteria-no kingdom-Proteobacteria-Deltaproteobacteria-Myxococcales-Nannocystaceae-Plesiocystis-Plesiocystis pacifica,2
Eukaryota-Fungi-Basidiomycota-Wallemiomycetes-Wallemiales-no family-Wallemia-Wallemia mellicola,1
Bacteria-no kingdom-no phylum-Actinobacteria-Micrococcales-Intrasporangiaceae-Intrasporangium-Intrasporangium chromatireducens,1
Bacteria-no kingdom-Proteobacteria-Betaproteobacteria-Burkholderiales-Oxalobacteraceae-Herminiimonas-Herminiimonas arsenicoxydans,1
Eukaryota-Viridiplantae-Streptophyta-no classes-Lamiales-Phrymaceae-Erythranthe-Erythranthe guttata,2
Bacteria-no kingdom-no phylum-Actinobacteria-Micrococcales-Dermabacteraceae-Brachybacterium-Brachybacterium faecium,1
Bacteria-no kingdom-Proteobacteria-Alphaproteobacteria-Rhizobiales-Rhizobiaceae-Sinorhizobium-Rhizobium meliloti,2
Bacteria-no kingdom-no phylum-Actinobacteria-Corynebacteriales-Corynebacteriaceae-Corynebacterium-Corynebacterium glyciniphilum,1
Eukaryota-Fungi-Ascomycota-Eurotiomycetes-Onygenales-no family-Coccidioides-Coccidioides immitis,1
Bacteria-no kingdom-Proteobacteria-Alphaproteobacteria-Rhizobiales-Phyllobacteriaceae-Mesorhizobium-Mesorhizobium ciceri,1
Bacteria-no kingdom-Proteobacteria-Alphaproteobacteria-Rhizobiales-Beijerinckiaceae-Chelatococcus-Chelatococcus sp. CO-6,1
Bacteria-no kingdom-Firmicutes-Bacilli-Bacillales-Paenibacillaceae-Paenibacillus-Paenibacillus sp. FSL H7-0737,1
Bacteria-no kingdom-Proteobacteria-Alphaproteobacteria-Rhodobacterales-Rhodobacteraceae-Thioclava-Thioclava dalianensis,1
Eukaryota-Fungi-Ascomycota-Eurotiomycetes-Phaeomoniellales-no family-Phaeomoniella-Phaeomoniella chlamydospora,1
Bacteria-no kingdom-Proteobacteria-Betaproteobacteria-Neisseriales-Chromobacteriaceae-Chromobacterium-Chromobacterium sp. LK11,1
Bacteria-no kingdom-Bacteroidetes-Sphingobacteriia-Sphingobacteriales-Chitinophagaceae-Niastella-Niastella koreensis,1
Bacteria-no kingdom-Proteobacteria-Gammaproteobacteria-Alteromonadales-Moritellaceae-Moritella-Moritella viscosa,1
Bacteria-no kingdom-Proteobacteria-Alphaproteobacteria-Caulobacterales-Caulobacteraceae-Asticcacaulis-Asticcacaulis excentricus,1
Bacteria-no kingdom-Proteobacteria-Alphaproteobacteria-Rhodospirillales-Acetobacteraceae-Acetobacter-Acetobacter tropicalis,1
Bacteria-no kingdom-Proteobacteria-Alphaproteobacteria-Rhizobiales-Phyllobacteriaceae-Chelativorans-no species,1
Eukaryota-Fungi-Ascomycota-Eurotiomycetes-Onygenales-Ajellomycetaceae-Histoplasma-Ajellomyces capsulatus,1
Bacteria-no kingdom-Proteobacteria-Alphaproteobacteria-Rhodobacterales-Rhodobacteraceae-Ahrensia-Ahrensia sp. R2A130,1
Bacteria-no kingdom-Deinococcus-Thermus-Deinococci-Deinococcales-Deinococcaceae-Deinococcus-Deinococcus geothermalis,1
Bacteria-no kingdom-Proteobacteria-Alphaproteobacteria-Rhizobiales-Rhizobiaceae-Agrobacterium-Agrobacterium radiobacter,1
Eukaryota-no kingdom-Bacillariophyta-Bacillariophyceae-Naviculales-Phaeodactylaceae-Phaeodactylum-Phaeodactylum tricornutum,1
Eukaryota-Viridiplantae-Streptophyta-Liliopsida-Zingiberales-Musaceae-Musa-Musa acuminata,1
Eukaryota-Fungi-Ascomycota-Saccharomycetes-Saccharomycetales-Debaryomycetaceae-Candida-Candida albicans,1
Bacteria-no kingdom-Firmicutes-Bacilli-Bacillales-Bacillaceae-Bacillus-Bacillus alcalophilus,1
Bacteria-no kingdom-Proteobacteria-Gammaproteobacteria-Alteromonadales-Alteromonadaceae-Agarivorans-Agarivorans albus,1
Eukaryota-Fungi-Basidiomycota-Agaricomycetes-Polyporales-Coriolaceae-Gelatoporia-Ceriporiopsis subvermispora,1
Bacteria-no kingdom-no phylum-Actinobacteria-Corynebacteriales-Mycobacteriaceae-Mycobacterium-Mycobacterium obuense,1
Eukaryota-Fungi-Ascomycota-Dothideomycetes-Capnodiales-Teratosphaeriaceae-Baudoinia-Baudoinia compniacensis,1
Bacteria-no kingdom-Proteobacteria-Alphaproteobacteria-Rhodospirillales-Acetobacteraceae-Roseomonas-Roseomonas cervicalis,1
Bacteria-no kingdom-no phylum-Actinobacteria-Pseudonocardiales-Pseudonocardiaceae-Pseudonocardia-Pseudonocardia dioxanivorans,1
Bacteria-no kingdom-Proteobacteria-Gammaproteobacteria-Oceanospirillales-Hahellaceae-Hahella-Hahella chejuensis,1
Bacteria-no kingdom-Cyanobacteria-no classes-Oscillatoriales-no family-Lyngbya-Lyngbya confervoides,1
Bacteria-no kingdom-no phylum-Actinobacteria-Kineosporiales-Kineosporiaceae-Kineococcus-Kineococcus radiotolerans,1
Bacteria-no kingdom-no phylum-Actinobacteria-Corynebacteriales-Williamsiaceae-Williamsia-Williamsia sp. D3,1
Eukaryota-Fungi-Basidiomycota-Agaricomycetes-Polyporales-Coriolaceae-Fomitopsis-Fomitopsis pinicola,1
Bacteria-no kingdom-no phylum-Actinobacteria-Pseudonocardiales-Pseudonocardiaceae-Saccharopolyspora-Saccharopolyspora rectivirgula,1
Bacteria-no kingdom-Proteobacteria-Gammaproteobacteria-Enterobacteriales-Enterobacteriaceae-Dickeya-Dickeya dadantii,1
Bacteria-no kingdom-Proteobacteria-Gammaproteobacteria-Vibrionales-Vibrionaceae-Vibrio-Vibrio variabilis,1
Eukaryota-Fungi-Ascomycota-Eurotiomycetes-Chaetothyriales-Herpotrichiellaceae-Rhinocladiella-Rhinocladiella mackenziei,1
Bacteria-no kingdom-no phylum-Actinobacteria-Micrococcales-Microbacteriaceae-Microbacterium-Microbacterium sp. SA39,1
Eukaryota-Fungi-Ascomycota-Eurotiomycetes-Eurotiales-Aspergillaceae-Penicillium-Penicillium oxalicum,1
Eukaryota-Metazoa-Chordata-no classes-Testudines-Trionychidae-Pelodiscus-Pelodiscus sinensis,1
Bacteria-no kingdom-Proteobacteria-Betaproteobacteria-Burkholderiales-Comamonadaceae-Hydrogenophaga-Hydrogenophaga sp. PBC,1
Bacteria-no kingdom-Proteobacteria-Alphaproteobacteria-Rhizobiales-Rhizobiaceae-Agrobacterium-Agrobacterium rubi,1
Bacteria-no kingdom-no phylum-Actinobacteria-Pseudonocardiales-Pseudonocardiaceae-Alloactinosynnema-Alloactinosynnema sp. L-07,1
Eukaryota-Viridiplantae-Streptophyta-no classes-Fabales-Fabaceae-Medicago-Medicago truncatula,2
Eukaryota-Fungi-Basidiomycota-Exobasidiomycetes-Georgefischeriales-Tilletiariaceae-Tilletiaria-Tilletiaria anomala,1
Eukaryota-Metazoa-Chordata-Aves-Gruiformes-Gruidae-Balearica-Balearica regulorum,1
Bacteria-no kingdom-no phylum-Actinobacteria-Streptomycetales-Streptomycetaceae-Streptomyces-Streptomyces cattleya,1
Bacteria-no kingdom-Firmicutes-Bacilli-Bacillales-Paenibacillaceae-Paenibacillus-Paenibacillus sp. D9,1
Bacteria-no kingdom-Proteobacteria-Alphaproteobacteria-Rhizobiales-Aurantimonadaceae-Aureimonas-Aureimonas altamirensis,1
Eukaryota-Fungi-Basidiomycota-Agaricomycetes-Agaricales-Amanitaceae-Amanita-Amanita muscaria,1
Eukaryota-Viridiplantae-Streptophyta-no classes-Caryophyllales-Amaranthaceae-Beta-Beta vulgaris,1
Bacteria-no kingdom-Bacteroidetes-Flavobacteriia-Flavobacteriales-Flavobacteriaceae-Aequorivita-Aequorivita sublithincola,1
Eukaryota-Metazoa-Arthropoda-Insecta-Diptera-Culicidae-Anopheles-Anopheles darlingi,1
Bacteria-no kingdom-Bacteroidetes-Bacteroidia-Bacteroidales-Bacteroidaceae-Bacteroides-Bacteroides coprophilus CAG:333,1
Bacteria-no kingdom-Proteobacteria-Betaproteobacteria-Burkholderiales-no family-no genus-Burkholderiales bacterium JOSHI_001,1
Bacteria-no kingdom-Cyanobacteria-no classes-Chroococcales-no family-Synechococcus-Synechococcus sp. PCC 7502,1
Bacteria-no kingdom-Proteobacteria-Betaproteobacteria-Burkholderiales-Oxalobacteraceae-Massilia-Massilia sp. WF1,2
Bacteria-no kingdom-Proteobacteria-Alphaproteobacteria-Rhodobacterales-Rhodobacteraceae-Planktomarina-Planktomarina temperata,1
Bacteria-no kingdom-no phylum-Actinobacteria-Propionibacteriales-Propionibacteriaceae-Microlunatus-Microlunatus phosphovorus,1
Eukaryota-Fungi-Ascomycota-Leotiomycetes-Helotiales-Sclerotiniaceae-Botrytis-Botryotinia fuckeliana,1
Bacteria-no kingdom-Proteobacteria-Gammaproteobacteria-Alteromonadales-Alteromonadaceae-Alteromonas-Alteromonas macleodii,1
Eukaryota-Fungi-Ascomycota-Sordariomycetes-Hypocreales-Clavicipitaceae-Claviceps-Claviceps purpurea,1
Bacteria-no kingdom-no phylum-Actinobacteria-Propionibacteriales-Nocardioidaceae-Mumia-Mumia flava,2
Eukaryota-Fungi-Ascomycota-Eurotiomycetes-Chaetothyriales-Herpotrichiellaceae-Exophiala-Exophiala mesophila,1
Bacteria-no kingdom-Proteobacteria-Gammaproteobacteria-Pseudomonadales-Moraxellaceae-Acinetobacter-Acinetobacter baumannii,1
Bacteria-no kingdom-Proteobacteria-Alphaproteobacteria-Rhodobacterales-Rhodobacteraceae-Sagittula-Sagittula stellata,1
Bacteria-no kingdom-no phylum-Actinobacteria-Actinopolysporales-Actinopolysporaceae-Actinopolyspora-Actinopolyspora erythraea,1
Eukaryota-Metazoa-Nematoda-Chromadorea-Rhabditida-Rhabditidae-Caenorhabditis-Caenorhabditis briggsae,1
Eukaryota-Fungi-Ascomycota-Sordariomycetes-Hypocreales-Nectriaceae-Fusarium-Nectria haematococca,1
Bacteria-no kingdom-no phylum-Actinobacteria-Corynebacteriales-Nocardiaceae-Rhodococcus-Rhodococcus erythropolis,1
Eukaryota-Fungi-Basidiomycota-Agaricomycetes-Jaapiales-Jaapiaceae-Jaapia-Jaapia argillacea,1
Bacteria-no kingdom-Proteobacteria-Gammaproteobacteria-Chromatiales-Chromatiaceae-Allochromatium-Allochromatium vinosum,1
Eukaryota-Metazoa-Chordata-Mammalia-Primates-Hominidae-Gorilla-Gorilla gorilla,1
Bacteria-no kingdom-Proteobacteria-Gammaproteobacteria-Oceanospirillales-Oceanospirillaceae-Bermanella-Bermanella marisrubri,1
Eukaryota-Fungi-Ascomycota-Eurotiomycetes-Verrucariales-Verrucariaceae-Endocarpon-Endocarpon pusillum,1
Bacteria-no kingdom-Bacteroidetes-Flavobacteriia-Flavobacteriales-Flavobacteriaceae-no genus-Flavobacteriaceae bacterium,1
Bacteria-no kingdom-Bacteroidetes-Flavobacteriia-Flavobacteriales-Flavobacteriaceae-Zhouia-Zhouia amylolytica,1
Bacteria-no kingdom-Deinococcus-Thermus-Deinococci-Deinococcales-Trueperaceae-Truepera-Truepera radiovictrix,1
Bacteria-no kingdom-Proteobacteria-Betaproteobacteria-Burkholderiales-Alcaligenaceae-Alcaligenes-Alcaligenes sp. EGD-AK7,1
Bacteria-no kingdom-Proteobacteria-Gammaproteobacteria-Enterobacteriales-Enterobacteriaceae-Pantoea-Pantoea ananatis,2
Bacteria-no kingdom-Proteobacteria-Gammaproteobacteria-Cellvibrionales-Cellvibrionaceae-Cellvibrio-Cellvibrio japonicus,1
Bacteria-no kingdom-Proteobacteria-Alphaproteobacteria-Rhodospirillales-Acetobacteraceae-Acidocella-Acidocella sp. MX-AZ02,1
Bacteria-no kingdom-Proteobacteria-Betaproteobacteria-Burkholderiales-Burkholderiaceae-Burkholderia-Burkholderia glathei,3
Bacteria-no kingdom-Proteobacteria-Alphaproteobacteria-Rhodobacterales-Rhodobacteraceae-Ruegeria-Ruegeria sp. ANG-S4,1
Bacteria-no kingdom-Proteobacteria-Alphaproteobacteria-Rhodospirillales-Acetobacteraceae-Acetobacter-Acetobacter sp. CAG:977,1
Bacteria-no kingdom-Proteobacteria-Gammaproteobacteria-Enterobacteriales-Enterobacteriaceae-Escherichia-Escherichia coli,1
Bacteria-no kingdom-Proteobacteria-Gammaproteobacteria-Alteromonadales-Colwelliaceae-Thalassomonas-Thalassomonas actiniarum,1
Bacteria-no kingdom-Proteobacteria-Alphaproteobacteria-Sphingomonadales-Sphingomonadaceae-Sphingobium-Sphingobium ummariense,1
Eukaryota-no kingdom-no phylum-Oomycetes-Peronosporales-no family-Phytophthora-Phytophthora ramorum,1
Eukaryota-Fungi-Basidiomycota-Agaricomycetes-Agaricales-Strophariaceae-Hypholoma-Hypholoma sublateritium,1
Eukaryota-Fungi-Ascomycota-Eurotiomycetes-Onygenales-Arthrodermataceae-Arthroderma-Arthroderma otae,1
Bacteria-no kingdom-Cyanobacteria-no classes-Oscillatoriales-no family-no genus-Oscillatoriales cyanobacterium JSC-12,1
Bacteria-no kingdom-Cyanobacteria-no classes-Pleurocapsales-no family-Stanieria-Stanieria cyanosphaera,1
Bacteria-no kingdom-Proteobacteria-Alphaproteobacteria-Rhodobacterales-Rhodobacteraceae-Oceaniovalibus-Oceaniovalibus guishaninsula,2
Bacteria-no kingdom-no phylum-Ktedonobacteria-Ktedonobacterales-Ktedonobacteraceae-Ktedonobacter-Ktedonobacter racemifer,1
Bacteria-no kingdom-no phylum-Actinobacteria-Streptomycetales-Streptomycetaceae-Streptomyces-Streptomyces sp. CNQ-509,1
Eukaryota-Fungi-Ascomycota-Eurotiomycetes-Chaetothyriales-Herpotrichiellaceae-Exophiala-Exophiala spinifera,1
Eukaryota-Fungi-Ascomycota-Saccharomycetes-Saccharomycetales-Debaryomycetaceae-Candida-Candida maltosa,1
Bacteria-no kingdom-no phylum-Actinobacteria-Streptomycetales-Streptomycetaceae-Streptomyces-Streptomyces niveus,1
Bacteria-no kingdom-Firmicutes-Bacilli-Bacillales-Paenibacillaceae-Paenibacillus-Paenibacillus sp. FSL R7-277,1
Bacteria-no kingdom-no phylum-Actinobacteria-Micrococcales-Cellulomonadaceae-Cellulomonas-Cellulomonas flavigena,1
Bacteria-no kingdom-no phylum-Actinobacteria-Propionibacteriales-Nocardioidaceae-Nocardioides-Nocardioides luteus,2
Bacteria-no kingdom-Proteobacteria-Gammaproteobacteria-Pseudomonadales-Pseudomonadaceae-Pseudomonas-Pseudomonas resinovorans,1
Bacteria-no kingdom-Verrucomicrobia-Verrucomicrobiae-Verrucomicrobiales-Verrucomicrobia subdivision 3-Pedosphaera-Pedosphaera parvula,1
Bacteria-no kingdom-no phylum-Actinobacteria-Micrococcales-Micrococcaceae-Arthrobacter-Arthrobacter crystallopoietes,1
Bacteria-no kingdom-Proteobacteria-Gammaproteobacteria-Alteromonadales-Alteromonadaceae-Marinobacter-Marinobacter nanhaiticus,1
Eukaryota-no kingdom-no phylum-Oomycetes-Peronosporales-no family-Phytophthora-Phytophthora sojae,1
Bacteria-no kingdom-Proteobacteria-Betaproteobacteria-Burkholderiales-no family-Methylibium-Methylibium petroleiphilum,1
Bacteria-no kingdom-Proteobacteria-Alphaproteobacteria-Rhodospirillales-Acetobacteraceae-Gluconobacter-Gluconobacter oxydans,1
Bacteria-no kingdom-Proteobacteria-Alphaproteobacteria-Rhodobacterales-Rhodobacteraceae-Salipiger-Salipiger mucosus,1
Bacteria-no kingdom-Proteobacteria-Betaproteobacteria-Burkholderiales-Alcaligenaceae-Achromobacter-Achromobacter piechaudii,1
Bacteria-no kingdom-Proteobacteria-Alphaproteobacteria-Rhodobacterales-Rhodobacteraceae-Roseivivax-Roseivivax atlanticus,1
Bacteria-no kingdom-Proteobacteria-Gammaproteobacteria-no order-no family-Gallaecimonas-Gallaecimonas xiamenensis,1
Bacteria-no kingdom-no phylum-Actinobacteria-Streptomycetales-Streptomycetaceae-Streptomyces-Streptomyces sp. RSD-27,1
Eukaryota-Fungi-Ascomycota-Leotiomycetes-Helotiales-Dermateaceae-Marssonina-Marssonina brunnea,1
Bacteria-no kingdom-Proteobacteria-Gammaproteobacteria-Enterobacteriales-Enterobacteriaceae-Rahnella-Rahnella aquatilis,1
Bacteria-no kingdom-Proteobacteria-Gammaproteobacteria-Cellvibrionales-Cellvibrionaceae-Teredinibacter-Teredinibacter turnerae,1
Bacteria-no kingdom-Proteobacteria-Betaproteobacteria-Burkholderiales-no family-Thiomonas-Thiomonas intermedia,1
Bacteria-no kingdom-Bacteroidetes-Flavobacteriia-Flavobacteriales-Flavobacteriaceae-Capnocytophaga-Capnocytophaga sp. oral taxon 329,1
Bacteria-no kingdom-Proteobacteria-Alphaproteobacteria-Rhodobacterales-Rhodobacteraceae-Sulfitobacter-Sulfitobacter pseudonitzschiae,2
Bacteria-no kingdom-Acidobacteria-Acidobacteriia-Acidobacteriales-Acidobacteriaceae-Terriglobus-Terriglobus saanensis,1
Bacteria-no kingdom-Proteobacteria-Gammaproteobacteria-Vibrionales-Vibrionaceae-Vibrio-Vibrio furnissii,1
Bacteria-no kingdom-Proteobacteria-Alphaproteobacteria-Rhodospirillales-Rhodospirillaceae-Thalassospira-Thalassospira xiamenensis,1
Bacteria-no kingdom-Proteobacteria-Gammaproteobacteria-Enterobacteriales-Enterobacteriaceae-Erwinia-Erwinia billingiae,2
Bacteria-no kingdom-Firmicutes-Bacilli-Bacillales-Bacillaceae-Bacillus-Bacillus clausii,1
Bacteria-no kingdom-Firmicutes-Bacilli-Bacillales-Bacillaceae-Bacillus-Bacillus smithii,1
Bacteria-no kingdom-Proteobacteria-Deltaproteobacteria-Myxococcales-Myxococcaceae-Corallococcus-Corallococcus coralloides,1
Eukaryota-Metazoa-Arthropoda-Insecta-Phthiraptera-Pediculidae-Pediculus-Pediculus humanus,1
Eukaryota-no kingdom-no phylum-no classes-Isochrysidales-Noelaerhabdaceae-Emiliania-Emiliania huxleyi,1
Eukaryota-Fungi-Ascomycota-Eurotiomycetes-Eurotiales-Aspergillaceae-Aspergillus-Aspergillus clavatus,1
Bacteria-no kingdom-Proteobacteria-Alphaproteobacteria-Rhodobacterales-Rhodobacteraceae-Citreicella-Citreicella sp. 357,1
Bacteria-no kingdom-Proteobacteria-Gammaproteobacteria-Pseudomonadales-Pseudomonadaceae-Pseudomonas-Pseudomonas psychrotolerans,1
Bacteria-no kingdom-Proteobacteria-Gammaproteobacteria-Alteromonadales-Alteromonadaceae-Paraglaciecola-Paraglaciecola arctica,1
Bacteria-no kingdom-Proteobacteria-Alphaproteobacteria-Rhodobacterales-Rhodobacteraceae-Ruegeria-Ruegeria pomeroyi,2
Eukaryota-no kingdom-no phylum-Oomycetes-Pythiales-Pythiaceae-Pythium-Pythium ultimum,1
Bacteria-no kingdom-Firmicutes-Bacilli-Bacillales-Bacillaceae-Bacillus-Bacillus sp. FJAT-22058,1
Bacteria-no kingdom-Proteobacteria-Gammaproteobacteria-Oceanospirillales-Oceanospirillaceae-Nitrincola-Nitrincola lacisaponensis,1
Eukaryota-Fungi-Ascomycota-Saccharomycetes-Saccharomycetales-Saccharomycetaceae-Zygosaccharomyces-Zygosaccharomyces rouxii,1
Bacteria-no kingdom-Proteobacteria-Alphaproteobacteria-Rhodospirillales-Acetobacteraceae-Acetobacter-Acetobacter pasteurianus,1
Archaea-no kingdom-Euryarchaeota-Halobacteria-Halobacteriales-Halobacteriaceae-Halalkalicoccus-Halalkalicoccus jeotgali,1
Bacteria-no kingdom-Proteobacteria-Gammaproteobacteria-Vibrionales-Vibrionaceae-Vibrio-Vibrio shilonii,1
Bacteria-no kingdom-no phylum-Actinobacteria-Streptomycetales-Streptomycetaceae-Streptomyces-Streptomyces sp. AcH 505,1
Bacteria-no kingdom-no phylum-Actinobacteria-Micromonosporales-Micromonosporaceae-Actinoplanes-Actinoplanes sp. N902-109,1
Eukaryota-Fungi-Ascomycota-Dothideomycetes-Dothideales-Aureobasidiaceae-Aureobasidium-Aureobasidium melanogenum,1
Bacteria-no kingdom-no phylum-Actinobacteria-Propionibacteriales-Nocardioidaceae-Nocardioides-Nocardioides sp.,1
Bacteria-no kingdom-Proteobacteria-Alphaproteobacteria-Rhizobiales-Bradyrhizobiaceae-Bosea-Bosea sp. LC85,1
Eukaryota-Fungi-Ascomycota-Eurotiomycetes-Chaetothyriales-Herpotrichiellaceae-Exophiala-Exophiala sideris,1
Bacteria-no kingdom-Bacteroidetes-Sphingobacteriia-Sphingobacteriales-Sphingobacteriaceae-Sphingobacterium-Sphingobacterium sp. IITKGP-BTPF85,1
Bacteria-no kingdom-Proteobacteria-Alphaproteobacteria-Rhodobacterales-Rhodobacteraceae-Rhodobacter-Rhodobacter sp. SW2,1
Bacteria-no kingdom-Proteobacteria-Alphaproteobacteria-Rhizobiales-Methylobacteriaceae-Methylobacterium-Methylobacterium sp.,2
Eukaryota-Viridiplantae-Chlorophyta-Trebouxiophyceae-Chlorellales-Chlorellaceae-Auxenochlorella-Auxenochlorella protothecoides,1
Eukaryota-Fungi-Basidiomycota-Agaricomycetes-Sebacinales-no family-Serendipita-Serendipita vermifera,1
Bacteria-no kingdom-no phylum-Actinobacteria-Streptomycetales-Streptomycetaceae-Streptomyces-Streptomyces sp. NTK 937,1
Bacteria-no kingdom-no phylum-Actinobacteria-Micrococcales-Dermatophilaceae-Kineosphaera-Kineosphaera limosa,1
Eukaryota-Fungi-Ascomycota-Dothideomycetes-Pleosporales-Phaeosphaeriaceae-Parastagonospora-Phaeosphaeria nodorum,1
Bacteria-no kingdom-no phylum-Actinobacteria-Micrococcales-Microbacteriaceae-Microbacterium-Microbacterium mangrovi,1
Bacteria-no kingdom-Proteobacteria-Alphaproteobacteria-Sphingomonadales-Sphingomonadaceae-Sphingobium-Sphingobium sp. Ant17,1
Bacteria-no kingdom-Proteobacteria-Alphaproteobacteria-Rhodobacterales-Rhodobacteraceae-Rhodovulum-Rhodovulum sp. NI22,1
Bacteria-no kingdom-Proteobacteria-Betaproteobacteria-Burkholderiales-Burkholderiaceae-Burkholderia-Burkholderia cenocepacia,2
Bacteria-no kingdom-Proteobacteria-Alphaproteobacteria-Rhodospirillales-Acetobacteraceae-Acidomonas-Acidomonas methanolica,1
Bacteria-no kingdom-Proteobacteria-Alphaproteobacteria-Rhizobiales-Rhizobiaceae-Agrobacterium-Agrobacterium vitis,1
Eukaryota-Fungi-Ascomycota-Saccharomycetes-Saccharomycetales-Debaryomycetaceae-Lodderomyces-Lodderomyces elongisporus,1
Bacteria-no kingdom-Bacteroidetes-Flavobacteriia-Flavobacteriales-Flavobacteriaceae-Imtechella-Imtechella halotolerans,1
Bacteria-no kingdom-Proteobacteria-Alphaproteobacteria-no order-no family-no genus-alpha proteobacterium Q-1,1
Bacteria-no kingdom-Proteobacteria-Betaproteobacteria-Burkholderiales-Comamonadaceae-Ramlibacter-Ramlibacter tataouinensis,1
Bacteria-no kingdom-Proteobacteria-Betaproteobacteria-Burkholderiales-Oxalobacteraceae-Massilia-Massilia sp. LC238,2
Eukaryota-Fungi-Ascomycota-Saccharomycetes-Saccharomycetales-Phaffomycetaceae-Wickerhamomyces-Wickerhamomyces ciferrii,1
Bacteria-no kingdom-Proteobacteria-Alphaproteobacteria-Rhodobacterales-Rhodobacteraceae-Actibacterium-Actibacterium atlanticum,1
Bacteria-no kingdom-no phylum-Actinobacteria-Corynebacteriales-Tsukamurellaceae-Tsukamurella-Tsukamurella paurometabola,1
Bacteria-no kingdom-Proteobacteria-Alphaproteobacteria-Rhodospirillales-Acetobacteraceae-Granulibacter-Granulibacter bethesdensis,1
Bacteria-no kingdom-Proteobacteria-Deltaproteobacteria-Myxococcales-Polyangiaceae-Chondromyces-Chondromyces apiculatus,1
Bacteria-no kingdom-Proteobacteria-Gammaproteobacteria-Enterobacteriales-Enterobacteriaceae-Shimwellia-Shimwellia blattae,1
Bacteria-no kingdom-Proteobacteria-Betaproteobacteria-Burkholderiales-no family-Leptothrix-Leptothrix cholodnii,1
Bacteria-no kingdom-Proteobacteria-Gammaproteobacteria-Oceanospirillales-Oceanospirillaceae-Oleispira-Oleispira antarctica,1
Eukaryota-Viridiplantae-Streptophyta-no classes-Fabales-Fabaceae-Glycine-Glycine soja,1
Eukaryota-Fungi-Basidiomycota-Agaricomycetes-Agaricales-Lyophyllaceae-Termitomyces-Termitomyces sp. J132,1
Bacteria-no kingdom-Proteobacteria-Betaproteobacteria-Burkholderiales-Burkholderiaceae-Burkholderia-Candidatus Burkholderia humilis,2
Eukaryota-Fungi-Basidiomycota-Agaricomycetes-Boletales-Suillaceae-Suillus-Suillus luteus,1
Bacteria-no kingdom-Proteobacteria-Gammaproteobacteria-Enterobacteriales-Enterobacteriaceae-Serratia-Serratia odorifera,1
Bacteria-no kingdom-Proteobacteria-Gammaproteobacteria-no order-no family-Reinekea-Reinekea blandensis,1
Bacteria-no kingdom-Proteobacteria-Betaproteobacteria-Burkholderiales-Comamonadaceae-Verminephrobacter-Verminephrobacter eiseniae,1
Bacteria-no kingdom-no phylum-Actinobacteria-Corynebacteriales-Nocardiaceae-Rhodococcus-Rhodococcus sp. RD6.2,1
Eukaryota-Metazoa-Nematoda-Chromadorea-Rhabditida-Angiostrongylidae-Angiostrongylus-Angiostrongylus cantonensis,1
Bacteria-no kingdom-no phylum-Actinobacteria-Micrococcales-Microbacteriaceae-Microbacterium-Microbacterium laevaniformans,1
Bacteria-no kingdom-Proteobacteria-Alphaproteobacteria-Sphingomonadales-Sphingomonadaceae-Novosphingobium-Novosphingobium lindaniclasticum,1
Eukaryota-Metazoa-Arthropoda-Insecta-Hymenoptera-Formicidae-Lasius-Lasius niger,1
Bacteria-no kingdom-Firmicutes-Bacilli-Bacillales-Paenibacillaceae-Paenibacillus-Paenibacillus beijingensis,1
Bacteria-no kingdom-no phylum-Actinobacteria-Glycomycetales-Glycomycetaceae-Stackebrandtia-Stackebrandtia nassauensis,1
Eukaryota-Fungi-Ascomycota-Sordariomycetes-Glomerellales-Glomerellaceae-Colletotrichum-Colletotrichum orbiculare,1
Bacteria-no kingdom-Proteobacteria-Alphaproteobacteria-Rhizobiales-Hyphomicrobiaceae-Devosia-Devosia sp. LC5,1
Bacteria-no kingdom-Proteobacteria-Betaproteobacteria-Burkholderiales-Burkholderiaceae-Cupriavidus-Cupriavidus basilensis,1
Bacteria-no kingdom-Proteobacteria-Alphaproteobacteria-Rhodobacterales-Rhodobacteraceae-Haematobacter-Haematobacter massiliensis,1
Eukaryota-Fungi-Ascomycota-Saccharomycetes-Saccharomycetales-Saccharomycetaceae-Kluyveromyces-Kluyveromyces dobzhanskii,1
Eukaryota-Fungi-Ascomycota-Pezizomycetes-Pezizales-Pyronemataceae-Pyronema-Pyronema omphalodes,1
Bacteria-no kingdom-no phylum-Actinobacteria-Pseudonocardiales-Pseudonocardiaceae-Kutzneria-Kutzneria albida,1
Eukaryota-Metazoa-Arthropoda-Insecta-Lepidoptera-Geometridae-Operophtera-Operophtera brumata,1
Bacteria-no kingdom-Deinococcus-Thermus-Deinococci-Thermales-Thermaceae-Meiothermus-Meiothermus silvanus,1
Bacteria-no kingdom-Proteobacteria-Gammaproteobacteria-Enterobacteriales-Enterobacteriaceae-Hafnia-Hafnia alvei,1
Bacteria-no kingdom-Proteobacteria-Alphaproteobacteria-Rhodobacterales-Rhodobacteraceae-Roseivivax-Roseivivax halodurans,1
Bacteria-no kingdom-Proteobacteria-Alphaproteobacteria-Rhodospirillales-Acetobacteraceae-Acetobacter-Acetobacter aceti,1
Bacteria-no kingdom-Firmicutes-Bacilli-Bacillales-Bacillaceae-Bacillus-Bacillus okhensis,1
Bacteria-no kingdom-Proteobacteria-Alphaproteobacteria-Rhodospirillales-Acetobacteraceae-no genus-Acetobacteraceae bacterium AT-5844,1
Bacteria-no kingdom-no phylum-Actinobacteria-Micrococcales-Microbacteriaceae-Microbacterium-Microbacterium ginsengisoli,1
Bacteria-no kingdom-no phylum-Actinobacteria-Pseudonocardiales-Pseudonocardiaceae-Amycolatopsis-Amycolatopsis mediterranei,1
Bacteria-no kingdom-Proteobacteria-Alphaproteobacteria-no order-no family-no genus-SAR116 cluster alpha proteobacterium HIMB100,1
Bacteria-no kingdom-Proteobacteria-Gammaproteobacteria-Vibrionales-Vibrionaceae-Grimontia-Grimontia sp. AD028,1
Bacteria-no kingdom-Proteobacteria-Alphaproteobacteria-Rhodobacterales-Rhodobacteraceae-Sulfitobacter-Sulfitobacter mediterraneus,1
Bacteria-no kingdom-Proteobacteria-Alphaproteobacteria-Sphingomonadales-Sphingomonadaceae-Sphingomonas-Sphingomonas sanxanigenens,1
Bacteria-no kingdom-Firmicutes-Bacilli-Bacillales-Bacillaceae-Bacillus-Bacillus megaterium,1
Eukaryota-Fungi-Ascomycota-Sordariomycetes-Diaporthales-Diaporthaceae-Diaporthe-Diaporthe ampelina,1
Bacteria-no kingdom-Bacteroidetes-Cytophagia-Cytophagales-Cytophagaceae-Hymenobacter-Hymenobacter swuensis,1
Bacteria-no kingdom-no phylum-Actinobacteria-Micromonosporales-Micromonosporaceae-Actinoplanes-Actinoplanes sp.,1
Bacteria-no kingdom-no phylum-Actinobacteria-Streptomycetales-Streptomycetaceae-Streptomyces-Streptomyces acidiscabies,1
Eukaryota-Fungi-Ascomycota-Eurotiomycetes-Onygenales-Arthrodermataceae-Arthroderma-Arthroderma benhamiae,1
Bacteria-no kingdom-Proteobacteria-Alphaproteobacteria-Parvularculales-Parvularculaceae-Parvularcula-Parvularcula bermudensis,1
Bacteria-no kingdom-no phylum-Actinobacteria-Pseudonocardiales-Pseudonocardiaceae-Saccharopolyspora-Saccharopolyspora erythraea,1
Eukaryota-Fungi-Ascomycota-Saccharomycetes-Saccharomycetales-Debaryomycetaceae-Yamadazyma-Candida tenuis,1
Bacteria-no kingdom-no phylum-Actinobacteria-Micrococcales-Micrococcaceae-Arthrobacter-Arthrobacter gangotriensis,1
Bacteria-no kingdom-no phylum-Actinobacteria-Corynebacteriales-Mycobacteriaceae-Mycobacterium-Mycobacterium ulcerans,1
Bacteria-no kingdom-Proteobacteria-Alphaproteobacteria-Sphingomonadales-Sphingomonadaceae-Sphingobium-Sphingobium japonicum,1
Eukaryota-Metazoa-Arthropoda-Insecta-Hymenoptera-Formicidae-Camponotus-Camponotus floridanus,1
Bacteria-no kingdom-Proteobacteria-Gammaproteobacteria-Oceanospirillales-Hahellaceae-Endozoicomonas-Endozoicomonas elysicola,1
Bacteria-no kingdom-Bacteroidetes-Bacteroidia-Bacteroidales-Porphyromonadaceae-Barnesiella-Barnesiella viscericola,1
Bacteria-no kingdom-Proteobacteria-Alphaproteobacteria-Rhizobiales-Rhizobiaceae-Shinella-Shinella sp. DD12,2
Bacteria-no kingdom-Proteobacteria-Gammaproteobacteria-Oceanospirillales-Oceanospirillaceae-Nitrincola-Nitrincola sp. A-D6,1
Eukaryota-Fungi-Basidiomycota-Wallemiomycetes-Wallemiales-no family-Wallemia-Wallemia ichthyophaga,1
Eukaryota-no kingdom-no phylum-Bangiophyceae-Cyanidiales-Cyanidiaceae-Galdieria-Galdieria sulphuraria,1
Bacteria-no kingdom-Proteobacteria-Alphaproteobacteria-Rhizobiales-Xanthobacteraceae-Starkeya-Starkeya novella,1
Bacteria-no kingdom-Cyanobacteria-no classes-Oscillatoriales-no family-Leptolyngbya-Leptolyngbya sp. Heron Island J,1
Eukaryota-Fungi-Ascomycota-Saccharomycetes-Saccharomycetales-Debaryomycetaceae-Candida-Candida tropicalis,1
Bacteria-no kingdom-Proteobacteria-Alphaproteobacteria-Rhizobiales-Phyllobacteriaceae-Hoeflea-Hoeflea sp. BAL378,1
Eukaryota-Fungi-Ascomycota-Dothideomycetes-Pleosporales-Pleosporaceae-Setosphaeria-Setosphaeria turcica,1
Bacteria-no kingdom-Cyanobacteria-no classes-Oscillatoriales-no family-Planktothrix-Planktothrix agardhii,1
Eukaryota-Fungi-Basidiomycota-Mixiomycetes-Mixiales-Mixiaceae-Mixia-Mixia osmundae,1
Eukaryota-Fungi-Basidiomycota-Agaricomycetes-Cantharellales-Tulasnellaceae-Tulasnella-Tulasnella calospora,1
Bacteria-no kingdom-Bacteroidetes-Flavobacteriia-Flavobacteriales-Flavobacteriaceae-Ornithobacterium-Ornithobacterium rhinotracheale,1
Bacteria-no kingdom-Proteobacteria-Alphaproteobacteria-Rhodobacterales-Rhodobacteraceae-Ponticoccus-Ponticoccus sp. UMTAT08,1
Eukaryota-Fungi-Ascomycota-Eurotiomycetes-Onygenales-Arthrodermataceae-Microsporum-Arthroderma gypseum,1
Bacteria-no kingdom-Gemmatimonadetes-no classes-Gemmatimonadales-Gemmatimonadaceae-Gemmatirosa-Gemmatirosa kalamazoonesis,1
Bacteria-no kingdom-no phylum-Actinobacteria-Pseudonocardiales-Pseudonocardiaceae-Actinokineospora-Actinokineospora spheciospongiae,1
Eukaryota-no kingdom-no phylum-no classes-Prymnesiales-Chrysochromulinaceae-Chrysochromulina-Chrysochromulina sp. CCMP291,1
Eukaryota-Fungi-Ascomycota-Schizosaccharomycetes-Schizosaccharomycetales-Schizosaccharomycetaceae-Schizosaccharomyces-Schizosaccharomyces cryophilus,1
Eukaryota-Fungi-Ascomycota-Orbiliomycetes-Orbiliales-mitosporic Orbiliaceae-Drechslerella-Drechslerella stenobrocha,1
Eukaryota-Fungi-Ascomycota-Sordariomycetes-Hypocreales-Nectriaceae-Fusarium-Fusarium oxysporum,2
Eukaryota-Fungi-Ascomycota-Sordariomycetes-Xylariales-Diatrypaceae-Eutypa-Eutypa lata,1
Bacteria-no kingdom-Firmicutes-Bacilli-Bacillales-Bacillaceae-Halobacillus-Halobacillus sp. BAB-2008,1
Bacteria-no kingdom-Proteobacteria-Gammaproteobacteria-Thiotrichales-Piscirickettsiaceae-Methylophaga-Methylophaga aminisulfidivorans,1
Bacteria-no kingdom-Proteobacteria-Gammaproteobacteria-Pseudomonadales-Moraxellaceae-Acinetobacter-Acinetobacter guillouiae,2
Eukaryota-Fungi-Ascomycota-Saccharomycetes-Saccharomycetales-Saccharomycetaceae-Lachancea-Lachancea lanzarotensis,1
Bacteria-no kingdom-Proteobacteria-Alphaproteobacteria-Rhodobacterales-Rhodobacteraceae-Roseobacter-Roseobacter denitrificans,1
Bacteria-no kingdom-no phylum-Actinobacteria-Pseudonocardiales-Pseudonocardiaceae-Actinosynnema-Actinosynnema mirum,1
Eukaryota-Fungi-Ascomycota-Saccharomycetes-Saccharomycetales-Phaffomycetaceae-Cyberlindnera-Cyberlindnera jadinii,1
Bacteria-no kingdom-no phylum-Actinobacteria-Frankiales-Frankiaceae-Frankia-Frankia sp.,2
Bacteria-no kingdom-Deinococcus-Thermus-Deinococci-Deinococcales-Deinococcaceae-Deinococcus-Deinococcus peraridilitoris,1
Bacteria-no kingdom-Firmicutes-Bacilli-Bacillales-Bacillaceae-Lysinibacillus-Lysinibacillus massiliensis,1
Bacteria-no kingdom-Proteobacteria-Betaproteobacteria-Burkholderiales-Burkholderiaceae-Pandoraea-Pandoraea sp. RB-44,1
Bacteria-no kingdom-no phylum-Actinobacteria-Micrococcales-Microbacteriaceae-Cryobacterium-Cryobacterium roopkundense,1
Bacteria-no kingdom-no phylum-Actinobacteria-Corynebacteriales-Nocardiaceae-Nocardia-Nocardia asteroides,1
Eukaryota-Fungi-Ascomycota-Saccharomycetes-Saccharomycetales-Debaryomycetaceae-Millerozyma-Pichia sorbitophila,1
Bacteria-no kingdom-Proteobacteria-Alphaproteobacteria-Rhodobacterales-Rhodobacteraceae-Loktanella-Loktanella sp. S4079,1
Bacteria-no kingdom-Proteobacteria-Gammaproteobacteria-Pseudomonadales-Moraxellaceae-Acinetobacter-Acinetobacter sp. Ver3,2
Bacteria-no kingdom-Proteobacteria-Betaproteobacteria-Rhodocyclales-Rhodocyclaceae-Azoarcus-Azoarcus sp.,1
Eukaryota-Metazoa-Annelida-Hirudinida-Rhynchobdellida-Glossiphoniidae-Helobdella-Helobdella robusta,1
Bacteria-no kingdom-Firmicutes-Bacilli-Bacillales-Sporolactobacillaceae-no genus-Bacillus selenitireducens,1
Bacteria-no kingdom-Proteobacteria-Deltaproteobacteria-Myxococcales-Cystobacteraceae-Stigmatella-Stigmatella aurantiaca,1
Eukaryota-Metazoa-Chordata-Aves-Galliformes-Phasianidae-Gallus-Gallus gallus,1
Eukaryota-Fungi-no phylum-no classes-Mucorales-Lichtheimiaceae-Lichtheimia-Lichtheimia corymbifera,1
Eukaryota-Metazoa-Arthropoda-Insecta-Hymenoptera-Formicidae-Harpegnathos-Harpegnathos saltator,2
Bacteria-no kingdom-Bacteroidetes-Sphingobacteriia-Sphingobacteriales-Sphingobacteriaceae-Pseudopedobacter-Pseudopedobacter saltans,1
Bacteria-no kingdom-Proteobacteria-Alphaproteobacteria-Rhodobacterales-Rhodobacteraceae-Actibacterium-Actibacterium mucosum,1
Bacteria-no kingdom-Proteobacteria-Alphaproteobacteria-Rhizobiales-Bradyrhizobiaceae-Bradyrhizobium-Bradyrhizobium sp.,2
Bacteria-no kingdom-Proteobacteria-Gammaproteobacteria-Enterobacteriales-Enterobacteriaceae-Pluralibacter-Pluralibacter gergoviae,2
Bacteria-no kingdom-no phylum-Actinobacteria-Corynebacteriales-Mycobacteriaceae-Mycobacterium-Mycobacterium smegmatis,1
Eukaryota-no kingdom-no phylum-no classes-Dictyosteliida-no family-Polysphondylium-Polysphondylium pallidum,1
Bacteria-no kingdom-no phylum-Actinobacteria-no order-no family-Thermobispora-Thermobispora bispora,1
Bacteria-no kingdom-no phylum-Actinobacteria-Corynebacteriales-Gordoniaceae-Gordonia-Gordonia sputi,1
Bacteria-no kingdom-no phylum-Actinobacteria-Micrococcales-Microbacteriaceae-Microbacterium-Microbacterium ketosireducens,1
Eukaryota-Fungi-Basidiomycota-Agaricomycetes-Polyporales-Phanerochaetaceae-Phlebiopsis-Phlebiopsis gigantea,1
Eukaryota-Metazoa-Chordata-Actinopteri-Tetraodontiformes-Tetraodontidae-Tetraodon-Tetraodon nigroviridis,1
Bacteria-no kingdom-no phylum-Actinobacteria-Streptosporangiales-Nocardiopsaceae-Nocardiopsis-Nocardiopsis dassonvillei,1
Bacteria-no kingdom-no phylum-Actinobacteria-Micrococcales-Micrococcaceae-Nesterenkonia-Nesterenkonia sp. AN1,1
Bacteria-no kingdom-no phylum-Actinobacteria-Streptosporangiales-Streptosporangiaceae-Streptosporangium-Streptosporangium roseum,2
Bacteria-no kingdom-Proteobacteria-Gammaproteobacteria-Pseudomonadales-Pseudomonadaceae-Pseudomonas-Pseudomonas tuomuerensis,1
Eukaryota-Metazoa-Arthropoda-Insecta-Hymenoptera-Apidae-Apis-Apis mellifera,1
Eukaryota-Metazoa-Chordata-Aves-Galliformes-Phasianidae-Meleagris-Meleagris gallopavo,1
Bacteria-no kingdom-Proteobacteria-Alphaproteobacteria-Rhizobiales-Methylobacteriaceae-Microvirga-Microvirga aerilata,1
Bacteria-no kingdom-Deinococcus-Thermus-Deinococci-Deinococcales-Deinococcaceae-Deinococcus-Deinococcus swuensis,1
Bacteria-no kingdom-Bacteroidetes-Sphingobacteriia-Sphingobacteriales-Sphingobacteriaceae-Mucilaginibacter-Mucilaginibacter paludis,1
Bacteria-no kingdom-Acidobacteria-Acidobacteriia-Acidobacteriales-Acidobacteriaceae-Granulicella-Granulicella mallensis,1
Bacteria-no kingdom-no phylum-Actinobacteria-Streptomycetales-Streptomycetaceae-Streptomyces-Streptomyces sp. 150FB,1
Bacteria-no kingdom-Proteobacteria-Alphaproteobacteria-Sphingomonadales-Sphingomonadaceae-Novosphingobium-Novosphingobium sp. Rr 2-17,1
Bacteria-no kingdom-Proteobacteria-Betaproteobacteria-Burkholderiales-Oxalobacteraceae-Massilia-Massilia sp. NR 4-1,1
Eukaryota-Metazoa-Chordata-Mammalia-Rodentia-Muridae-Mus-Mus musculus,1
Eukaryota-Metazoa-Chordata-Mammalia-Rodentia-Bathyergidae-Fukomys-Fukomys damarensis,2
Bacteria-no kingdom-Proteobacteria-Alphaproteobacteria-Rhodospirillales-Rhodospirillaceae-Azospirillum-Azospirillum lipoferum,2
Bacteria-no kingdom-Firmicutes-Bacilli-Bacillales-Paenibacillaceae-Paenibacillus-Paenibacillus sp. MAEPY2,1
Bacteria-no kingdom-Proteobacteria-Betaproteobacteria-Burkholderiales-Oxalobacteraceae-no genus-Oxalobacteraceae bacterium IMCC9480,1
Bacteria-no kingdom-Bacteroidetes-Bacteroidia-Bacteroidales-Bacteroidaceae-Bacteroides-Bacteroides plebeius CAG:211,1
Eukaryota-Metazoa-Arthropoda-Insecta-Diptera-Calliphoridae-Lucilia-Lucilia cuprina,1
Bacteria-no kingdom-no phylum-Actinobacteria-Micromonosporales-Micromonosporaceae-Micromonospora-Micromonospora carbonacea,1
Bacteria-no kingdom-Proteobacteria-Alphaproteobacteria-Rhodobacterales-Rhodobacteraceae-Rubellimicrobium-Rubellimicrobium mesophilum,2
Eukaryota-Fungi-Ascomycota-Sordariomycetes-Sordariales-Chaetomiaceae-Myceliophthora-Myceliophthora thermophila,1
Bacteria-no kingdom-Proteobacteria-Deltaproteobacteria-Myxococcales-Labilitrichaceae-Labilithrix-Labilithrix luteola,1
Bacteria-no kingdom-Proteobacteria-Alphaproteobacteria-Rhodospirillales-Rhodospirillaceae-Elstera-Elstera litoralis,1
Archaea-no kingdom-Euryarchaeota-Halobacteria-Haloferacales-Haloferacaceae-Haloferax-Haloferax volcanii,1
Bacteria-no kingdom-Proteobacteria-Alphaproteobacteria-Rhizobiales-Xanthobacteraceae-Xanthobacter-Xanthobacter autotrophicus,1
Eukaryota-Fungi-Ascomycota-Sordariomycetes-Sordariales-Lasiosphaeriaceae-Podospora-Podospora anserina,1
Archaea-no kingdom-Euryarchaeota-Halobacteria-Natrialbales-Natrialbaceae-Natronococcus-Natronococcus occultus,1
Bacteria-no kingdom-Proteobacteria-Alphaproteobacteria-Rhodospirillales-Rhodospirillaceae-Skermanella-Skermanella aerolata,1
Bacteria-no kingdom-Proteobacteria-Alphaproteobacteria-Rhodobacterales-Rhodobacteraceae-Sulfitobacter-Sulfitobacter donghicola,1
Bacteria-no kingdom-Proteobacteria-Gammaproteobacteria-Xanthomonadales-Xanthomonadaceae-Xanthomonas-Xanthomonas campestris,1
Bacteria-no kingdom-Proteobacteria-Alphaproteobacteria-Rhodospirillales-Acetobacteraceae-Acidocella-Acidocella aminolytica,1
Bacteria-no kingdom-Spirochaetes-Spirochaetia-no order-Leptospiraceae-Turneriella-Turneriella parva,1
Eukaryota-no kingdom-Bacillariophyta-Coscinodiscophyceae-Thalassiosirales-Thalassiosiraceae-Thalassiosira-Thalassiosira pseudonana,1
Bacteria-no kingdom-Proteobacteria-Alphaproteobacteria-Rhodobacterales-Rhodobacteraceae-Rhodovulum-Rhodovulum sp. PH10,1
Bacteria-no kingdom-Firmicutes-Bacilli-Bacillales-Bacillaceae-Bacillus-Bacillus sp. TS-2,1
Bacteria-no kingdom-no phylum-Actinobacteria-Micromonosporales-Micromonosporaceae-Actinoplanes-Actinoplanes utahensis,1
Bacteria-no kingdom-Proteobacteria-Alphaproteobacteria-Rhodobacterales-Rhodobacteraceae-Dinoroseobacter-Dinoroseobacter shibae,1
Bacteria-no kingdom-Proteobacteria-Alphaproteobacteria-Rhizobiales-Phyllobacteriaceae-Phyllobacterium-Phyllobacterium sp. YR531,1
Bacteria-no kingdom-no phylum-Actinobacteria-Streptomycetales-Streptomycetaceae-Streptomyces-Streptomyces auratus,1
Bacteria-no kingdom-Proteobacteria-Gammaproteobacteria-Pseudomonadales-Moraxellaceae-Acinetobacter-Acinetobacter baylyi,1
Eukaryota-Fungi-Ascomycota-Saccharomycetes-Saccharomycetales-Debaryomycetaceae-Meyerozyma-Meyerozyma guilliermondii,1
Bacteria-no kingdom-Proteobacteria-Alphaproteobacteria-Rhodospirillales-Acetobacteraceae-Gluconacetobacter-Gluconacetobacter diazotrophicus,1
Eukaryota-Fungi-Ascomycota-Leotiomycetes-Helotiales-Sclerotiniaceae-Sclerotinia-Sclerotinia sclerotiorum,1
Bacteria-no kingdom-Proteobacteria-Gammaproteobacteria-Enterobacteriales-Enterobacteriaceae-Enterobacter-Enterobacter cloacae,1
Eukaryota-Fungi-Ascomycota-Schizosaccharomycetes-Schizosaccharomycetales-Schizosaccharomycetaceae-Schizosaccharomyces-Schizosaccharomyces japonicus,1
Bacteria-no kingdom-no phylum-Actinobacteria-Streptomycetales-Streptomycetaceae-Streptomyces-Streptomyces himastatinicus,1
Eukaryota-Fungi-Basidiomycota-Agaricomycetes-Agaricales-Psathyrellaceae-Coprinopsis-Coprinopsis cinerea,1
Bacteria-no kingdom-no phylum-no classes-no order-no family-no genus-bacteria symbiont BFo2 of Frankliniella occidentalis,2
Bacteria-no kingdom-Proteobacteria-Gammaproteobacteria-Oceanospirillales-Oceanospirillaceae-no genus-Osedax symbiont Rs2,1
Bacteria-no kingdom-no phylum-Actinobacteria-Streptomycetales-Streptomycetaceae-Streptomyces-Streptomyces ghanaensis,1
Bacteria-no kingdom-Proteobacteria-Alphaproteobacteria-Rhodobacterales-Rhodobacteraceae-Tateyamaria-Tateyamaria sp. ANG-S1,1
Eukaryota-Fungi-Ascomycota-Sordariomycetes-Microascales-Ceratocystidaceae-Thielaviopsis-Thielaviopsis punctulata,1
Eukaryota-Metazoa-Nematoda-Chromadorea-Rhabditida-Ancylostomatidae-Ancylostoma-Ancylostoma ceylanicum,2
Eukaryota-Metazoa-Chordata-Mammalia-Didelphimorphia-Didelphidae-Monodelphis-Monodelphis domestica,1
Eukaryota-Fungi-Basidiomycota-Microbotryomycetes-Microbotryales-Microbotryaceae-Microbotryum-Microbotryum violaceum,1
Bacteria-no kingdom-Proteobacteria-Alphaproteobacteria-Rhodobacterales-Rhodobacteraceae-Leisingera-Leisingera methylohalidivorans,1
Bacteria-no kingdom-Proteobacteria-Alphaproteobacteria-Rhizobiales-Hyphomicrobiaceae-Devosia-Devosia sp. H5989,1
Bacteria-no kingdom-Proteobacteria-Gammaproteobacteria-Vibrionales-Vibrionaceae-Vibrio-Vibrio ponticus,1
Bacteria-no kingdom-no phylum-Actinobacteria-Streptomycetales-Streptomycetaceae-Streptomyces-Streptomyces sp. MBRL 601,1
Eukaryota-no kingdom-no phylum-Ichthyosporea-no order-no family-Capsaspora-Capsaspora owczarzaki,1
Bacteria-no kingdom-no phylum-Actinobacteria-Frankiales-Cryptosporangiaceae-Cryptosporangium-Cryptosporangium arvum,1
Bacteria-no kingdom-no phylum-Actinobacteria-Corynebacteriales-Gordoniaceae-Gordonia-Gordonia effusa,1
Bacteria-no kingdom-Proteobacteria-Gammaproteobacteria-Vibrionales-Vibrionaceae-Vibrio-Vibrio proteolyticus,1
Bacteria-no kingdom-Proteobacteria-Gammaproteobacteria-Vibrionales-Vibrionaceae-Vibrio-Vibrio mytili,1
Bacteria-no kingdom-Bacteroidetes-Bacteroidia-Bacteroidales-Prevotellaceae-Prevotella-Prevotella sp. CAG:255,1
Eukaryota-Fungi-Ascomycota-Eurotiomycetes-Eurotiales-Aspergillaceae-Aspergillus-Aspergillus flavus,1
Eukaryota-Fungi-Ascomycota-Saccharomycetes-Saccharomycetales-Metschnikowiaceae-Clavispora-Clavispora lusitaniae,1
Eukaryota-Fungi-Ascomycota-Sordariomycetes-Xylariales-Amphisphaeriaceae-Pestalotiopsis-Pestalotiopsis fici,1
Bacteria-no kingdom-Deinococcus-Thermus-Deinococci-Deinococcales-Deinococcaceae-Deinococcus-Deinococcus radiodurans,1
Bacteria-no kingdom-Cyanobacteria-no classes-Chroococcales-no family-Gloeocapsa-Gloeocapsa sp. PCC 7428,2
Bacteria-no kingdom-no phylum-Actinobacteria-Streptomycetales-Streptomycetaceae-Streptomyces-Streptomyces zinciresistens,1
Bacteria-no kingdom-Proteobacteria-Alphaproteobacteria-Rhizobiales-Phyllobacteriaceae-Mesorhizobium-Mesorhizobium sp. LC103,1
Bacteria-no kingdom-no phylum-Rubrobacteria-Rubrobacterineae-Rubrobacteraceae-Rubrobacter-Rubrobacter xylanophilus,1
Bacteria-no kingdom-Proteobacteria-Alphaproteobacteria-Sphingomonadales-Sphingomonadaceae-Sphingopyxis-Sphingopyxis sp. MC1,1
Bacteria-no kingdom-Proteobacteria-Deltaproteobacteria-Myxococcales-Sandaracinaceae-Sandaracinus-Sandaracinus amylolyticus,1
Eukaryota-Metazoa-Arthropoda-Insecta-Coleoptera-Curculionidae-Dendroctonus-Dendroctonus ponderosae,1
Eukaryota-Fungi-Ascomycota-Saccharomycetes-Saccharomycetales-Saccharomycodaceae-Hanseniaspora-Hanseniaspora uvarum,1
Bacteria-no kingdom-no phylum-Actinobacteria-Pseudonocardiales-Pseudonocardiaceae-Saccharothrix-Saccharothrix espanaensis,1
Eukaryota-Metazoa-Arthropoda-Insecta-Diptera-Culicidae-Anopheles-Anopheles sinensis,1
Eukaryota-Metazoa-Mollusca-Cephalopoda-Octopoda-Octopodidae-Octopus-Octopus bimaculoides,1
Bacteria-no kingdom-Firmicutes-Bacilli-Bacillales-Alicyclobacillaceae-Kyrpidia-Kyrpidia tusciae,1
Bacteria-no kingdom-Bacteroidetes-Flavobacteriia-Flavobacteriales-Flavobacteriaceae-Riemerella-Riemerella anatipestifer,2
Eukaryota-Viridiplantae-Streptophyta-no classes-Rosales-Rosaceae-Prunus-Prunus persica,1
Bacteria-no kingdom-Cyanobacteria-no classes-Pleurocapsales-no family-Xenococcus-Xenococcus sp. PCC 7305,1
Eukaryota-Metazoa-Chordata-Actinopteri-Perciformes-Gasterosteidae-Gasterosteus-Gasterosteus aculeatus,1
Eukaryota-Fungi-Basidiomycota-Agaricomycetes-Boletales-Sclerodermataceae-Scleroderma-Scleroderma citrinum,1
Bacteria-no kingdom-Proteobacteria-Alphaproteobacteria-Rhizobiales-Methylobacteriaceae-Methylobacterium-Methylobacterium radiotolerans,4
Bacteria-no kingdom-no phylum-Actinobacteria-Micrococcales-Microbacteriaceae-Microbacterium-Microbacterium sp. SUBG005,1
Bacteria-no kingdom-Proteobacteria-Epsilonproteobacteria-Campylobacterales-Campylobacteraceae-Campylobacter-Campylobacter jejuni,1
Bacteria-no kingdom-Proteobacteria-Alphaproteobacteria-Rhodobacterales-Rhodobacteraceae-Ketogulonicigenium-Ketogulonicigenium vulgare,1
Eukaryota-Fungi-Ascomycota-Dothideomycetes-Pleosporales-Leptosphaeriaceae-Leptosphaeria-Leptosphaeria maculans,1
Bacteria-no kingdom-Proteobacteria-Gammaproteobacteria-Pseudomonadales-Pseudomonadaceae-Pseudomonas-Pseudomonas syringae group genomosp. 3,1
Bacteria-no kingdom-no phylum-Actinobacteria-Corynebacteriales-Nocardiaceae-Rhodococcus-Rhodococcus rhodnii,1
Eukaryota-Metazoa-Chordata-Amphibia-Anura-Pipidae-Xenopus-Xenopus tropicalis,2
Bacteria-no kingdom-no phylum-Actinobacteria-Pseudonocardiales-Pseudonocardiaceae-Amycolatopsis-Amycolatopsis methanolica,1
Eukaryota-Fungi-Ascomycota-Eurotiomycetes-Chaetothyriales-Herpotrichiellaceae-Coniosporium-Coniosporium apollinis,1
Bacteria-no kingdom-Proteobacteria-Gammaproteobacteria-Pseudomonadales-Moraxellaceae-Acinetobacter-Acinetobacter brisouii,2
Bacteria-no kingdom-Proteobacteria-Gammaproteobacteria-Oceanospirillales-Oceanospirillaceae-Nitrincola-Nitrincola sp. AK23,1
Bacteria-no kingdom-Proteobacteria-Gammaproteobacteria-Cellvibrionales-Cellvibrionaceae-Cellvibrio-Cellvibrio sp. BR,1
Eukaryota-Metazoa-Chordata-no classes-Coelacanthiformes-Coelacanthidae-Latimeria-Latimeria chalumnae,2
Eukaryota-Metazoa-Chordata-Mammalia-Rodentia-Muridae-Rattus-Rattus norvegicus,2
Eukaryota-no kingdom-no phylum-no classes-Dictyosteliida-no family-Dictyostelium-Dictyostelium fasciculatum,1
Bacteria-no kingdom-Proteobacteria-Betaproteobacteria-Burkholderiales-Comamonadaceae-Comamonas-Comamonas testosteroni,2
Bacteria-no kingdom-no phylum-Actinobacteria-Streptosporangiales-Nocardiopsaceae-Streptomonospora-Streptomonospora alba,1
Bacteria-no kingdom-Proteobacteria-Alphaproteobacteria-Sphingomonadales-Sphingomonadaceae-Novosphingobium-Novosphingobium sp. PP1Y,1
Bacteria-no kingdom-Proteobacteria-Gammaproteobacteria-Pseudomonadales-Pseudomonadaceae-Pseudomonas-Pseudomonas sp. 20_BN,1
Bacteria-no kingdom-Proteobacteria-Alphaproteobacteria-Rhodobacterales-Rhodobacteraceae-Wenxinia-Wenxinia marina,1
Eukaryota-Metazoa-Chordata-Actinopteri-Semionotiformes-Lepisosteidae-Lepisosteus-Lepisosteus oculatus,1
Bacteria-no kingdom-Firmicutes-Bacilli-Bacillales-Bacillaceae-Bacillus-Bacillus sp. 1NLA3E,1
Bacteria-no kingdom-Firmicutes-Bacilli-Bacillales-Paenibacillaceae-Paenibacillus-Paenibacillus mucilaginosus,1
Bacteria-no kingdom-Proteobacteria-Alphaproteobacteria-Rhodospirillales-Acetobacteraceae-Tanticharoenia-Tanticharoenia sakaeratensis,1
Bacteria-no kingdom-Proteobacteria-Alphaproteobacteria-Rhodobacterales-Rhodobacteraceae-Defluviimonas-Defluviimonas sp. 20V17,1
Bacteria-no kingdom-Proteobacteria-Betaproteobacteria-Burkholderiales-Oxalobacteraceae-Herbaspirillum-Herbaspirillum seropedicae,1
Eukaryota-Fungi-Ascomycota-Dothideomycetes-Pleosporales-Pleosporaceae-Pyrenophora-Pyrenophora teres,1
Bacteria-no kingdom-Verrucomicrobia-no classes-Methylacidiphilales-Methylacidiphilaceae-Methylacidiphilum-Methylacidiphilum infernorum,1
Bacteria-no kingdom-no phylum-Actinobacteria-Corynebacteriales-Gordoniaceae-Gordonia-Gordonia bronchialis,1
Bacteria-no kingdom-Proteobacteria-Gammaproteobacteria-Enterobacteriales-Enterobacteriaceae-Enterobacter-Enterobacter sp. GN02225,1
Eukaryota-no kingdom-no phylum-Cryptophyta-Pyrenomonadales-Geminigeraceae-Guillardia-Guillardia theta,1
Bacteria-no kingdom-Proteobacteria-Alphaproteobacteria-Sphingomonadales-Sphingomonadaceae-Novosphingobium-Novosphingobium nitrogenifigens,1
Bacteria-no kingdom-Proteobacteria-Alphaproteobacteria-Rhizobiales-Methylobacteriaceae-Methylobacterium-Methylobacterium platani,2
Bacteria-no kingdom-no phylum-Actinobacteria-Streptomycetales-Streptomycetaceae-Streptomyces-Streptomyces bingchenggensis,1
Bacteria-no kingdom-Firmicutes-Bacilli-Bacillales-Sporolactobacillaceae-Sporolactobacillus-Sporolactobacillus laevolacticus,1
Bacteria-no kingdom-Proteobacteria-Betaproteobacteria-Burkholderiales-Comamonadaceae-Polaromonas-Polaromonas sp. CF318,1
Bacteria-no kingdom-Proteobacteria-Betaproteobacteria-Burkholderiales-Comamonadaceae-Hylemonella-Hylemonella gracilis,1
Bacteria-no kingdom-Proteobacteria-Alphaproteobacteria-Caulobacterales-Caulobacteraceae-Asticcacaulis-Asticcacaulis biprosthecium,1
Bacteria-no kingdom-Proteobacteria-Alphaproteobacteria-Rhizobiales-Brucellaceae-Brucella-Brucella abortus,1
Eukaryota-Fungi-Ascomycota-Sordariomycetes-Microascales-Ceratocystidaceae-Ceratocystis-Ceratocystis fimbriata f. sp. platani,1
Bacteria-no kingdom-no phylum-Actinobacteria-Propionibacteriales-Nocardioidaceae-Nocardioides-Nocardioides sp. CF8,1
Bacteria-no kingdom-Cyanobacteria-no classes-Oscillatoriales-no family-Pseudanabaena-Pseudanabaena biceps,1
Eukaryota-Viridiplantae-Streptophyta-no classes-Brassicales-Brassicaceae-Arabidopsis-Arabidopsis thaliana,1
Eukaryota-Fungi-Ascomycota-Sordariomycetes-Magnaporthales-Magnaporthaceae-Magnaporthe-Magnaporthe oryzae,1
Eukaryota-Viridiplantae-Streptophyta-no classes-Myrtales-Myrtaceae-Eucalyptus-Eucalyptus grandis,1
Bacteria-no kingdom-Proteobacteria-Alphaproteobacteria-Rhodobacterales-Rhodobacteraceae-Ruegeria-Ruegeria sp.,1
Eukaryota-Fungi-Ascomycota-Leotiomycetes-Helotiales-Sclerotiniaceae-Sclerotinia-Sclerotinia borealis,1
Bacteria-no kingdom-no phylum-Actinobacteria-Nakamurellales-Nakamurellaceae-Nakamurella-Nakamurella multipartita,2
Bacteria-no kingdom-no phylum-Actinobacteria-Micrococcales-Micrococcaceae-Kocuria-Kocuria sp. UCD-OTCP,1
Bacteria-no kingdom-Proteobacteria-Gammaproteobacteria-Vibrionales-Vibrionaceae-Vibrio-Vibrio nigripulchritudo,1
Bacteria-no kingdom-Firmicutes-Bacilli-Bacillales-Bacillaceae-Bacillus-Bacillus niacini,1
Bacteria-no kingdom-Proteobacteria-Betaproteobacteria-Burkholderiales-no family-Aquabacterium-Aquabacterium sp. NJ1,1
Eukaryota-Metazoa-Chordata-Mammalia-Proboscidea-Elephantidae-Loxodonta-Loxodonta africana,2
Eukaryota-Fungi-Ascomycota-Eurotiomycetes-Chaetothyriales-Herpotrichiellaceae-Exophiala-Exophiala dermatitidis,1
Bacteria-no kingdom-Firmicutes-Bacilli-Bacillales-Paenibacillaceae-Paenibacillus-Paenibacillus riograndensis,1
Bacteria-no kingdom-Firmicutes-Bacilli-Bacillales-Bacillaceae-Bacillus-Bacillus akibai,1
Eukaryota-Fungi-Ascomycota-Sordariomycetes-Hypocreales-Clavicipitaceae-Torrubiella-Torrubiella hemipterigena,1
Bacteria-no kingdom-Proteobacteria-Alphaproteobacteria-Rhizobiales-Aurantimonadaceae-Martelella-Martelella endophytica,1
Bacteria-no kingdom-Proteobacteria-Gammaproteobacteria-Enterobacteriales-Enterobacteriaceae-Erwinia-Erwinia amylovora,1
Eukaryota-Metazoa-Chordata-Actinopteri-Beloniformes-Adrianichthyidae-Oryzias-Oryzias latipes,2
Eukaryota-Fungi-Ascomycota-Sordariomycetes-Ophiostomatales-Ophiostomataceae-Ophiostoma-Ophiostoma piceae,1
Eukaryota-Fungi-Ascomycota-Dothideomycetes-Pleosporales-Pleosporaceae-Stemphylium-Stemphylium lycopersici,1
Bacteria-no kingdom-no phylum-Actinobacteria-Streptomycetales-Streptomycetaceae-Streptomyces-Streptomyces xiamenensis,1
Bacteria-no kingdom-no phylum-Actinobacteria-Pseudonocardiales-Pseudonocardiaceae-Prauserella-Prauserella sp. Am3,1
Eukaryota-Fungi-Ascomycota-Eurotiomycetes-Chaetothyriales-Herpotrichiellaceae-Capronia-Capronia semiimmersa,1
Bacteria-no kingdom-Proteobacteria-Alphaproteobacteria-Rhizobiales-Rhizobiaceae-Rhizobium-Rhizobium gallicum,1
Bacteria-no kingdom-no phylum-Actinobacteria-Micrococcales-Microbacteriaceae-Microbacterium-Microbacterium trichothecenolyticum,1
Bacteria-no kingdom-no phylum-Actinobacteria-Streptomycetales-Streptomycetaceae-Streptomyces-Streptomyces sviceus,1
